B2,B8,B5,B6,NDVI,EVI,NDMI,TEX_B2_contrast,TEX_B2_ent,TEX_B2_asm,TEX_B2_corr,TEX_B2_var,TEX_B3_contrast,TEX_B3_ent,TEX_B3_corr,TEX_B4_asm,TEX_B4_corr,TEX_B8_contrast,TEX_B8_ent,TEX_B8_corr,TEX_B8_var,TEX_B8_sent,Clase_N1
0.9999611476461543,0.9999629981361093,0.9999736381976456,0.9999744483691709,0.9999807303237749,0.9999500588323248,0.9999612306880199,0.9586824278969353,0.9998582753376699,0.9999109495728832,0.9999505028478369,0.9584721653891165,0.9505173746639825,0.999853843261654,0.9999481677042514,0.9999781282986175,0.999956475288038,0.9460402212322955,0.9999492943586389,0.9999746913012519,0.9029729938455612,0.9999231898602635,2.0
0.999961517668601,0.9999625981158827,0.9999754183192378,0.9999758384583052,0.9999659608059088,0.9999459457354408,0.9999473178011915,0.9581632055663313,0.9998648315657204,0.999910551565121,0.9999859447649437,0.9582548009030394,0.9500131391493719,0.9999000438926033,0.9999869665667572,0.999977349155958,0.999980979171651,0.9492441727561111,0.9999598493524351,0.9999920767397319,0.9111715846069228,0.9999315742902491,2.0
0.9999622477128123,0.9999651582442898,0.9999750382935436,0.9999758184566904,0.9999613464916424,0.9999477315116433,0.9999612972268029,0.9581162541002531,0.9998152023160455,0.9999142320552792,0.9999401788202599,0.957959104021777,0.9496900440559163,0.9998582973168754,0.9999530083902605,0.9999782556619573,0.9999571043580648,0.9457770997377634,0.9999465615438845,0.9999843041084665,0.9030467027133326,0.9999298160481632,2.0
0.9999617576831107,0.9999665583147103,0.9999756483351229,0.9999778985896156,0.9999721445196582,0.9999524054595006,0.9999606801466867,0.9606547694618205,0.9998927339075065,0.9999097419675105,0.9999603189332549,0.960681083665323,0.9528817148866956,0.999924658804695,0.999964479302717,0.9999767963938179,0.999962594351414,0.9486722797002923,0.9999695966642262,0.9999874381523557,0.9086359117942404,0.9999637400974994,2.0
0.9999622877151685,0.9999659082828666,0.9999771184351266,0.9999786086350213,0.9999606730957086,0.999948169065408,0.9999532660335264,0.9590510063916838,0.9998686242058875,0.9999117030715121,0.9999652555820765,0.9590221370521331,0.9511424647991937,0.9999004172267981,0.99996314130115,0.999977592662721,0.9999627038496177,0.9482501791868793,0.9999572176409346,0.9999876860932448,0.9079982245302414,0.9999557275286238,2.0
0.9999619476946752,0.9999675083637729,0.9999762383749968,0.9999775585681239,0.9999725256354351,0.9999538010347065,0.9999593870938716,0.9593393682496943,0.9998737395796026,0.9999106312851381,0.9999654357274207,0.9594161927460165,0.950622969322681,0.9999150504781322,0.9999746094240668,0.9999781430622932,0.9999670562370673,0.9476569137661017,0.9999760907249945,0.9999906049613738,0.9073590544021646,0.9999692034596667,2.0
0.9999622677139904,0.9999651182430866,0.9999761583696659,0.9999756984492365,0.9999641103320505,0.9999487083388855,0.9999556712920242,0.9580447814272153,0.9997799246943805,0.9999218522728006,0.9999493568151683,0.9579225118615019,0.9496696033567791,0.9998412982412195,0.9999586410194625,0.9999801671008192,0.9999532103961809,0.9463416814226907,0.9999502343185929,0.9999854788250644,0.9041560807182646,0.9999388960045376,2.0
0.9999623877212452,0.9999661082933524,0.9999764983926946,0.9999767685177489,0.9999631436367105,0.9999493937760544,0.9999564029199459,0.9580442111687131,0.9997941804862955,0.9999160486804403,0.9999450943359935,0.957915716035276,0.9495958472477778,0.9998635295250667,0.9999710647892379,0.9999784446405814,0.9999713653062513,0.9457740063406951,0.99995164034977,0.9999776053711402,0.9027367880758477,0.9999320201374424,2.0
0.9999629377545743,0.9999661882972487,0.999977238443868,0.999977538566509,0.9999591771984028,0.9999485534503156,0.9999507986761943,0.9580311902148533,0.9998061239136422,0.9999152727420697,0.9999693777889268,0.9579446366091047,0.9495847320205464,0.9998853007908285,0.9999827265437674,0.9999782426697886,0.9999825016917067,0.9458546207422764,0.999953552302392,0.9999733210846605,0.9026856670073578,0.9999321444169007,2.0
0.9999619876970314,0.9999631981465952,0.9999748782821368,0.9999751184120921,0.9999611299935621,0.9999456013225461,0.9999542239370477,0.9581097911477202,0.9998137910395748,0.9999151333799343,0.9999369964323205,0.9579531359711001,0.9496830734954418,0.9998603307059731,0.9999504362617203,0.9999816706612893,0.9999387000975082,0.9468101819009155,0.9999574981178537,0.9999696522068159,0.9036794375827158,0.9999316649136668,2.0
0.9999620076983026,0.999964028187578,0.9999751483006872,0.9999751484137692,0.9999648899206443,0.9999476215468833,0.9999540043075402,0.9580465872572262,0.9998141602981221,0.999913645673046,0.999963145342955,0.9579476245056481,0.949554023862293,0.9998628140075833,0.9999812994319016,0.9999805411208885,0.9999686429521996,0.9457636951973546,0.9999528068506074,0.9999887030401143,0.9032492235335697,0.9999348335393013,2.0
0.9999635077892677,0.9999700784921081,0.9999784785279866,0.9999786986407979,0.999957342969947,0.9999512213631254,0.9999579668881409,0.9584639230480639,0.9999201761121008,0.9999073141589043,0.9999642726058892,0.9583765857248733,0.9504677330178217,0.9999284850511814,0.9999756786344014,0.9999765646982189,0.9999695582655098,0.9486915896203183,0.9999760219881288,0.9999957460944203,0.9116778086799111,0.9999703505061507,2.0
0.9999631477673169,0.999969138445209,0.9999785485332099,0.9999804187498714,0.9999598109479244,0.999951329688711,0.9999534035677127,0.9580845095960909,0.9998295826638998,0.9999121213538692,0.999957102316925,0.9579686343119401,0.9496096941835884,0.9998770450857049,0.9999628391218683,0.9999777729794026,0.9999672660661556,0.9463691465066153,0.9999705550239237,0.9999725865246836,0.90325015341865,0.9999434915080408,2.0
0.9999623077165328,0.9999670583409248,0.9999764583900292,0.9999774585615397,0.9999663033153847,0.9999513817459098,0.9999594009884677,0.958042120209451,0.9998255309254516,0.9999132456968332,0.9999670796974853,0.9579520504349603,0.9496109187375327,0.9998716043070628,0.99996567541625,0.9999794487858592,0.9999744749348353,0.9462173853241168,0.999959120369851,0.9999810556816732,0.9035382680283947,0.9999386145046524,2.0
0.9999632677745718,0.9999727186251565,0.9999783585199903,0.9999810187878857,0.9999642749080234,0.9999563157666682,0.999965964245658,0.958244752851924,0.9998845033721118,0.9999086814006347,0.9999574019829802,0.958116632844558,0.9499937345886266,0.9999378298701561,0.9999577879656784,0.9999767820235621,0.9999664412994942,0.9484418726661951,0.9999722323559822,0.999945377636225,0.9040307410474765,0.9999360095700243,2.0
0.9999633577800594,0.9999684384099987,0.9999773084483462,0.999978278614337,0.9999572171284262,0.9999498822500269,0.9999552884218748,0.9581455274842392,0.9998798599572009,0.9999095120599969,0.999984039794835,0.9581962771671513,0.9496951306872458,0.9999184664002124,0.9999865388134809,0.9999771143107651,0.9999863823347515,0.9468170248783797,0.999967547237873,0.9999811088020714,0.9044134676813241,0.9999421958696614,2.0
0.9999615576710503,0.9999642982012868,0.9999756283334176,0.9999760684724054,0.9999706235792193,0.9999492134802813,0.9999563548365068,0.9580783317613885,0.9998722119698866,0.9999095614664697,0.9999863131858063,0.9581015196372321,0.9496826025131555,0.9999170268088757,0.999995894208701,0.9999771595868316,0.9999918380519828,0.9472511237607067,0.9999848768408582,0.9999959209768804,0.9079307989207177,0.9999720052296929,2.0
0.9999617576831107,0.999962918132213,0.9999745382591081,0.9999737283237028,0.999963176163279,0.9999457167546978,0.9999518456408691,0.9582660425711966,0.9998697960232074,0.9999142163084188,0.9999800071927545,0.9583519745445236,0.9499050953827848,0.9999207068105573,0.9999870087615268,0.999977488133752,0.9999848941235965,0.9475104019601134,0.999982398118935,0.9999835031062679,0.9057807158181536,0.9999553556675138,2.0
0.9999620076983026,0.9999668383290924,0.9999766384023963,0.99997741855831,0.9999660732034723,0.999950707663749,0.999956399318885,0.9580782367183047,0.9998596389225152,0.999910018919654,0.9999840050925819,0.958084431635716,0.949694848097874,0.9998913778630736,0.999977009769409,0.9999768774969826,0.999984716147664,0.9468656747175834,0.9999655652136888,0.9999749143866585,0.9039988993613247,0.9999450200691027,2.0
0.9999629977582949,0.9999659882867629,0.9999769984271303,0.9999773585549556,0.9999575633811099,0.9999478162405683,0.9999537769160161,0.958143721665649,0.9998741139386036,0.9999090530321265,0.9999645457356285,0.9580540226006776,0.9497055865392764,0.9999065022118977,0.9999781277609265,0.9999778877447387,0.9999728711606214,0.9467926531014131,0.9999691606475064,0.9999790690908382,0.9042600510865576,0.9999488447730048,2.0
0.9999636477977006,0.9999698584817658,0.9999794885969653,0.9999804887555235,0.9999539056352565,0.9999495369668796,0.9999486209158163,0.9580777615028863,0.9998214489417896,0.9999153071884664,0.9999615113508313,0.9579746403666594,0.9496028178195712,0.9998573478696726,0.9999561697733175,0.999977273958189,0.999968096775481,0.9454915749261371,0.9999132642764413,0.9999671170310427,0.9021439490248362,0.9999063637707221,2.0
0.9999619176928148,0.9999634981608337,0.9999750182918383,0.9999747583889854,0.9999597939544762,0.9999453899793197,0.999951766615726,0.9580098054410763,0.999802532074047,0.9999138432989372,0.9999793836847015,0.9579422957633581,0.9495473358911903,0.9998605931410356,0.9999789363400289,0.9999783832227521,0.9999806439326823,0.9457485097166427,0.9999548987965753,0.9999762955944993,0.9026555157243541,0.9999344442781137,2.0
0.9999633777812376,0.9999704085098567,0.9999795386004834,0.9999804587531012,0.9999589790378685,0.9999520961681527,0.9999512419572507,0.9580842244554192,0.9998446015694898,0.9999106301034717,0.9999554862958238,0.9579645766381447,0.9495235040969542,0.9998334370586268,0.9999680202926665,0.999979643669879,0.9999581208754796,0.9454983240537063,0.999941395744393,0.99996872132429,0.9021560545535544,0.9999164042113788,2.0
0.9999613276570831,0.9999666583199531,0.9999755283263815,0.9999768985252651,0.9999804492076756,0.9999549108600895,0.9999618708222278,0.9581578831308027,0.9998807256757972,0.999909251642243,0.9999799571719183,0.9581745075654979,0.9498230499742265,0.9999287101861918,0.9999759604136833,0.999977219233154,0.9999783534797679,0.9477723048928302,0.9999722283995607,0.9999607389264611,0.9041512299438563,0.9999440933600393,2.0
0.9999618376880094,0.9999644382092231,0.9999768984200941,0.9999782886151445,0.9999641061775666,0.9999475721928321,0.9999502894144335,0.9580617942077214,0.9998486471111251,0.9999107395461999,0.9999782291284632,0.9580182353884035,0.9496506698009579,0.999891435135933,0.9999859472462688,0.9999776570334344,0.9999809945737009,0.9466297370726771,0.9999688836026637,0.9999964351336971,0.9064972242545112,0.9999667911653495,2.0
0.9999625477310427,0.9999660882920057,0.999977338450159,0.9999786186358287,0.999957390779294,0.9999473385359716,0.9999505404977138,0.9580560915998582,0.9998342209545231,0.9999131388133888,0.9999701657720692,0.9579769403991705,0.9496195848342377,0.9998616677638761,0.9999816986579613,0.9999788554718573,0.9999730658976081,0.9467499087319368,0.9999552903869715,0.9999950848014917,0.9064628250404962,0.9999423894395655,2.0
0.9999631977704484,0.9999681283950869,0.9999775584651914,0.9999783686201137,0.9999563614537691,0.9999490938235301,0.9999503473406234,0.9581172995855946,0.9998745510284182,0.999909809483059,0.9999868057467968,0.9581864296208864,0.9497555108427227,0.9999172991350063,0.999987631973326,0.9999768156853609,0.9999888510616255,0.9459866970557205,0.9999353162498664,0.9999743527004371,0.9028576825933267,0.9999209406976326,2.0
0.9999631077649607,0.9999698484810925,0.999979548601336,0.9999809687853388,0.9999605428583027,0.9999521365216462,0.9999517908981125,0.9581215765357817,0.9998555219268603,0.99991034842727,0.9999650440485383,0.9580348617801216,0.949638612609154,0.9998846298665701,0.9999816811518109,0.9999777404987947,0.9999754073847142,0.9454519239086739,0.9999413055570492,0.9999770055135734,0.902300767489309,0.9999209475146493,2.0
0.999962187709278,0.9999661282932089,0.9999759883581516,0.9999776285722856,0.9999603933862925,0.999948134854348,0.9999550250050727,0.9581755612128948,0.9998938665895695,0.9999084526740426,0.9999854858154278,0.9582767477807609,0.9497753863857542,0.99990064958348,0.9999931064332379,0.9999765709975934,0.9999892578569447,0.9458130012198858,0.9999227581627497,0.9999693584710412,0.9025397173485189,0.9998940407259154,2.0
0.9999630577618291,0.9999675783669959,0.9999761983723314,0.9999770685360109,0.9999576265507221,0.9999491062797654,0.9999608330461072,0.9583551933034852,0.9999025699894565,0.9999080304547842,0.9999565144886534,0.9582091500316084,0.9502784915428777,0.9999015006681813,0.999957792719221,0.9999769560412419,0.999962024880883,0.9471007685694826,0.9999754033086704,0.9999800528791826,0.9046807095692158,0.9999583933396877,2.0
0.9999618676897765,0.9999660882920057,0.9999752783095363,0.9999772985516013,0.9999674978457178,0.9999503676885464,0.9999574477966686,0.9581644411264194,0.9999010828735294,0.9999079162883704,0.9999829290247099,0.9582193895859167,0.9497657783018388,0.9999295378183364,0.9999886434199211,0.9999770442311795,0.999988155239448,0.9458027837912748,0.9999589532229582,0.9999691091830682,0.9024954902911992,0.9999313118112706,2.0
0.999960607613431,0.9999608380271838,0.9999729181481776,0.9999738483311567,0.9999843789619507,0.9999471657505976,0.9999599457690722,0.9580654058563227,0.9996907362900863,0.9999586276491125,0.999961123483713,0.9579721276348411,0.949717926320452,0.9998278137838197,0.9999708671789546,0.9999800196581653,0.9999711095809615,0.9471092048775699,0.9999680931287088,0.999975851134363,0.904340987197246,0.9999479774625625,2.0
0.9999610576407131,0.9999663983069176,0.9999763483828856,0.999978948656513,0.9999776298628866,0.9999532142519942,0.9999548528985506,0.9581743256528068,0.9998947791656049,0.9999080566343586,0.9999766006140741,0.9581640753188183,0.9498918136596746,0.9999335376471095,0.9999820948918222,0.9999764519016586,0.9999807967133882,0.9473263950710484,0.9999699558882342,0.9999580544717591,0.9035765150546002,0.9999401060011653,2.0
0.9999610576407131,0.9999663983069176,0.9999763483828856,0.999978948656513,0.9999776298628866,0.9999532142519942,0.9999548528985506,0.9581743256528068,0.9998947791656049,0.9999080566343586,0.9999766006140741,0.9581640753188183,0.9498918136596746,0.9999335376471095,0.9999820948918222,0.9999764519016586,0.9999807967133882,0.9473263950710484,0.9999699558882342,0.9999580544717591,0.9035765150546002,0.9999401060011653,2.0
0.9999617676836997,0.9999660082881094,0.9999757383413064,0.9999764784988041,0.9999690178026707,0.9999507151592465,0.9999569214531531,0.9580522898650895,0.9998193163086294,0.9999145426674078,0.9999667121707034,0.9579629048827989,0.9497289473512263,0.9998857123545973,0.9999704043180088,0.99997930252421,0.999957660614066,0.9468464583320665,0.9999717768908287,0.999992994187184,0.9061596209475802,0.9999611897466764,2.0
0.9999628277479085,0.9999689284340498,0.9999773184491988,0.9999802487391256,0.9999607310081403,0.999951203519967,0.9999562895938225,0.9597805598431196,0.9999623161320413,0.9999059725059151,0.9999734102360333,0.9602585260358908,0.951615238561255,0.999961915145343,0.9999724409979631,0.9999762349701078,0.9999780923601843,0.9527290562588117,0.9999881077118822,0.99996969700629,0.910056443996854,0.9999737616364281,2.0
0.9999606476158578,0.9999615580629956,0.999972148095564,0.9999740083410951,0.9999822727161325,0.9999478081341058,0.9999657130684952,0.9585318791041636,0.9996448136342564,0.9999738358066307,0.9999552100308414,0.9583331524030212,0.9504838406346495,0.9998584530237379,0.9999569405088554,0.9999799857994703,0.9999513730192423,0.9483711944589257,0.9999575756970832,0.9999298065645241,0.903445787277511,0.9999295965688285,2.0
0.9999621677079137,0.9999664983121606,0.9999767384094324,0.9999774285591174,0.999964756708938,0.9999500920807424,0.9999527852287525,0.9580456368263892,0.9997714182339743,0.9999217755062046,0.9999491885968608,0.9579220224566803,0.949777176118442,0.9998866496941793,0.9999630295616039,0.9999797499699825,0.999962512194233,0.9487845773398421,0.9999602202312029,0.9999859482718152,0.9084038710774669,0.9999320073614951,2.0
0.9999624077226097,0.9999675183644462,0.9999779384916307,0.999979068664712,0.9999616933344176,0.9999500249267473,0.9999534415166951,0.9579904165777673,0.999763397722869,0.9999205602240978,0.9999672228696115,0.9578936515254509,0.9495426260456898,0.999857977942628,0.9999796150088327,0.9999817488117562,0.9999742853000756,0.9469332594376741,0.9999742178599105,0.999979844265985,0.9044392747434415,0.9999549560139511,2.0
0.9999629677565277,0.9999705485163027,0.9999791585747891,0.9999810187878857,0.9999618410421135,0.9999530883306165,0.9999551000796105,0.9581128325378193,0.999870430457679,0.9999094181678055,0.9999686524331586,0.9580356143241108,0.9495773846742429,0.9998793337120275,0.9999842698149309,0.9999774019122174,0.9999832183519517,0.9479162858604585,0.9999795109799069,0.9999718381302761,0.9049289197632785,0.999963667327038,2.0
0.99996287775104,0.9999685384152416,0.9999792385801201,0.9999816488283222,0.9999600652833983,0.9999506748564184,0.9999466095694547,0.9581203409756935,0.9998715602081727,0.9999092209353065,0.999978542712375,0.9581035402235526,0.9496099767729602,0.999894695494154,0.9999912199294694,0.9999766830067552,0.9999877886420486,0.9475392731254226,0.9999770726802181,0.9999799263129197,0.905249951238799,0.9999611897466764,2.0
0.9999628477492729,0.9999717185757077,0.9999791685756418,0.9999827589000643,0.9999679871986137,0.999956910795918,0.9999568968509333,0.9580505790781623,0.999820793247483,0.9999136468539674,0.9999640357102613,0.9579525500259616,0.9495855797999806,0.9998268354975991,0.9999509449980785,0.9999798889481489,0.999969130292372,0.9456619899354444,0.9999558996520534,0.9999672545408707,0.902312190735483,0.9999190979102383,2.0
0.9999625277298645,0.9999651382444333,0.999976388385551,0.9999770485358862,0.9999609077554993,0.9999478678298572,0.9999500936345965,0.9583968223568762,0.9998855129759369,0.9999091122804801,0.9999783647068639,0.9585218929477836,0.9502102931267249,0.9999135220340198,0.9999917050530885,0.9999780532977447,0.9999866533965251,0.9506132108708374,0.9999728039873919,0.9999922533149873,0.9144384978629728,0.999969340967951,2.0
0.9999627777449632,0.9999654482593452,0.9999771084350191,0.9999771885442098,0.999959925276697,0.9999480512847664,0.9999492063091302,0.9580386036039334,0.999784454540778,0.9999227402124383,0.9999532814450806,0.9579224772604658,0.9495272719665632,0.9998339359498017,0.9999716824457997,0.9999805267506328,0.999970625179338,0.9453017562820744,0.9999450970959051,0.9999923100534378,0.9025549090537095,0.9999303039415715,2.0
0.99996098763645,0.9999659082828666,0.9999746182644389,0.9999797687093103,0.9999868068613781,0.9999555822540042,0.9999704916867079,0.9580467773433936,0.9997763533519356,0.9999206145509522,0.9999510494858097,0.9579286676256551,0.9496933409545579,0.9998955313489939,0.9999681749154263,0.999978581256366,0.9999782189621739,0.9480544548928685,0.9999611374298162,0.9999391199048977,0.9034753634004568,0.9999337696079824,2.0
0.999960607613431,0.9999663983069176,0.9999742382383722,0.9999795986985645,0.999994089057609,0.9999580026529691,0.9999775392660956,0.9580807078499016,0.9997459055977481,0.9999380440298048,0.9999857755631475,0.9580958016960917,0.9497294183335125,0.9998740518339905,0.9999829001210925,0.9999844139986973,0.9999921428325632,0.947697689765816,0.999967789866615,0.9999596964386461,0.9039529878330013,0.999938557799468,2.0
0.9999630777631935,0.9999693584570414,0.9999786485402461,0.9999792886780048,0.999956059922882,0.9999496340536894,0.9999487400905901,0.9580236817826894,0.999789163332065,0.9999247662741946,0.9999843616042893,0.9579886337337159,0.949640873324128,0.9999023265366175,0.9999884365350141,0.9999782708197978,0.999980525121126,0.946434200388346,0.9999827094845427,0.9999911355633406,0.904895754779128,0.999969792511882,2.0
0.9999622177110452,0.9999671983473708,0.9999762483758494,0.9999777885822241,0.9999649187576497,0.9999508372866805,0.999960284870834,0.9583995786291448,0.999857520661194,0.9999112097935686,0.9999588356682394,0.9582947182114759,0.950070976000503,0.9998838909203639,0.99996635522352,0.9999790474033655,0.999964670856503,0.9476822230508053,0.9999707612345207,0.999974358273549,0.9050272313819429,0.9999519707565314,2.0
0.9999621377061465,0.9999646682202387,0.9999760983652952,0.9999766485095499,0.9999608960609551,0.9999470224971858,0.9999482598597282,0.9580962949727316,0.9998800590417323,0.9999087225399127,0.9999905487322894,0.9581958153860612,0.9498137245023207,0.9999168925763562,0.9999785963738081,0.9999762896951429,0.9999886275709665,0.9471456689184007,0.9999808015360099,0.9999679094321714,0.9038568668089974,0.9999440208279351,2.0
0.9999637678049556,0.9999732786539208,0.9999791685756418,0.9999814788175764,0.9999628992135846,0.9999566667705343,0.9999676323445299,0.9587698678994,0.9999057353691546,0.9999080611617206,0.9999399185861448,0.9584062899493652,0.9505759650867716,0.9999453564724738,0.9999558851031664,0.9999766645026107,0.9999450285339907,0.9487749221996085,0.999983295797613,0.9999855104517288,0.908344972624175,0.9999725033247904,5.0
0.9999637678049556,0.9999732786539208,0.9999791685756418,0.9999814788175764,0.9999628992135846,0.9999566667705343,0.9999676323445299,0.9587698678994,0.9999057353691546,0.9999080611617206,0.9999399185861448,0.9584062899493652,0.9505759650867716,0.9999453564724738,0.9999558851031664,0.9999766645026107,0.9999450285339907,0.9487749221996085,0.999983295797613,0.9999855104517288,0.908344972624175,0.9999725033247904,5.0
0.9999637678049556,0.9999732786539208,0.9999791685756418,0.9999814788175764,0.9999628992135846,0.9999566667705343,0.9999676323445299,0.9587698678994,0.9999057353691546,0.9999080611617206,0.9999399185861448,0.9584062899493652,0.9505759650867716,0.9999453564724738,0.9999558851031664,0.9999766645026107,0.9999450285339907,0.9487749221996085,0.999983295797613,0.9999855104517288,0.908344972624175,0.9999725033247904,5.0
0.9999637678049556,0.9999732786539208,0.9999791685756418,0.9999814788175764,0.9999628992135846,0.9999566667705343,0.9999676323445299,0.9587698678994,0.9999057353691546,0.9999080611617206,0.9999399185861448,0.9584062899493652,0.9505759650867716,0.9999453564724738,0.9999558851031664,0.9999766645026107,0.9999450285339907,0.9487749221996085,0.999983295797613,0.9999855104517288,0.908344972624175,0.9999725033247904,5.0
0.9999637678049556,0.9999732786539208,0.9999791685756418,0.9999814788175764,0.9999628992135846,0.9999566667705343,0.9999676323445299,0.9587698678994,0.9999057353691546,0.9999080611617206,0.9999399185861448,0.9584062899493652,0.9505759650867716,0.9999453564724738,0.9999558851031664,0.9999766645026107,0.9999450285339907,0.9487749221996085,0.999983295797613,0.9999855104517288,0.908344972624175,0.9999725033247904,5.0
0.9999637678049556,0.9999732786539208,0.9999791685756418,0.9999814788175764,0.9999628992135846,0.9999566667705343,0.9999676323445299,0.9587698678994,0.9999057353691546,0.9999080611617206,0.9999399185861448,0.9584062899493652,0.9505759650867716,0.9999453564724738,0.9999558851031664,0.9999766645026107,0.9999450285339907,0.9487749221996085,0.999983295797613,0.9999855104517288,0.908344972624175,0.9999725033247904,5.0
0.9999637678049556,0.9999732786539208,0.9999791685756418,0.9999814788175764,0.9999628992135846,0.9999566667705343,0.9999676323445299,0.9587698678994,0.9999057353691546,0.9999080611617206,0.9999399185861448,0.9584062899493652,0.9505759650867716,0.9999453564724738,0.9999558851031664,0.9999766645026107,0.9999450285339907,0.9487749221996085,0.999983295797613,0.9999855104517288,0.908344972624175,0.9999725033247904,5.0
0.9999637678049556,0.9999732786539208,0.9999791685756418,0.9999814788175764,0.9999628992135846,0.9999566667705343,0.9999676323445299,0.9587698678994,0.9999057353691546,0.9999080611617206,0.9999399185861448,0.9584062899493652,0.9505759650867716,0.9999453564724738,0.9999558851031664,0.9999766645026107,0.9999450285339907,0.9487749221996085,0.999983295797613,0.9999855104517288,0.908344972624175,0.9999725033247904,5.0
0.9999637678049556,0.9999732786539208,0.9999791685756418,0.9999814788175764,0.9999628992135846,0.9999566667705343,0.9999676323445299,0.9587698678994,0.9999057353691546,0.9999080611617206,0.9999399185861448,0.9584062899493652,0.9505759650867716,0.9999453564724738,0.9999558851031664,0.9999766645026107,0.9999450285339907,0.9487749221996085,0.999983295797613,0.9999855104517288,0.908344972624175,0.9999725033247904,5.0
0.9999637678049556,0.9999732786539208,0.9999791685756418,0.9999814788175764,0.9999628992135846,0.9999566667705343,0.9999676323445299,0.9587698678994,0.9999057353691546,0.9999080611617206,0.9999399185861448,0.9584062899493652,0.9505759650867716,0.9999453564724738,0.9999558851031664,0.9999766645026107,0.9999450285339907,0.9487749221996085,0.999983295797613,0.9999855104517288,0.908344972624175,0.9999725033247904,5.0
0.9999637678049556,0.9999732786539208,0.9999791685756418,0.9999814788175764,0.9999628992135846,0.9999566667705343,0.9999676323445299,0.9587698678994,0.9999057353691546,0.9999080611617206,0.9999399185861448,0.9584062899493652,0.9505759650867716,0.9999453564724738,0.9999558851031664,0.9999766645026107,0.9999450285339907,0.9487749221996085,0.999983295797613,0.9999855104517288,0.908344972624175,0.9999725033247904,5.0
0.9999637678049556,0.9999732786539208,0.9999791685756418,0.9999814788175764,0.9999628992135846,0.9999566667705343,0.9999676323445299,0.9587698678994,0.9999057353691546,0.9999080611617206,0.9999399185861448,0.9584062899493652,0.9505759650867716,0.9999453564724738,0.9999558851031664,0.9999766645026107,0.9999450285339907,0.9487749221996085,0.999983295797613,0.9999855104517288,0.908344972624175,0.9999725033247904,5.0
0.9999633577800594,0.9999726286205869,0.9999792085783072,0.9999834989464021,0.9999649423851589,0.9999567542786049,0.9999637318412489,0.9588728949675913,0.9999228124508145,0.9999071169264053,0.9999304750671439,0.9584033423978583,0.9506865522256183,0.9999540610175846,0.9999484887546506,0.9999762255213256,0.99993700189484,0.9491690888752286,0.9999869390898308,0.999984942489051,0.9088395029796077,0.9999680906889518,5.0
0.9999637678049556,0.9999732786539208,0.9999791685756418,0.9999814788175764,0.9999628992135846,0.9999566667705343,0.9999676323445299,0.9587698678994,0.9999057353691546,0.9999080611617206,0.9999399185861448,0.9584062899493652,0.9505759650867716,0.9999453564724738,0.9999558851031664,0.9999766645026107,0.9999450285339907,0.9487749221996085,0.999983295797613,0.9999855104517288,0.908344972624175,0.9999725033247904,5.0
0.9999637678049556,0.9999732786539208,0.9999791685756418,0.9999814788175764,0.9999628992135846,0.9999566667705343,0.9999676323445299,0.9587698678994,0.9999057353691546,0.9999080611617206,0.9999399185861448,0.9584062899493652,0.9505759650867716,0.9999453564724738,0.9999558851031664,0.9999766645026107,0.9999450285339907,0.9487749221996085,0.999983295797613,0.9999855104517288,0.908344972624175,0.9999725033247904,5.0
0.9999633577800594,0.9999726286205869,0.9999792085783072,0.9999834989464021,0.9999649423851589,0.9999567542786049,0.9999637318412489,0.9588728949675913,0.9999228124508145,0.9999071169264053,0.9999304750671439,0.9584033423978583,0.9506865522256183,0.9999540610175846,0.9999484887546506,0.9999762255213256,0.99993700189484,0.9491690888752286,0.9999869390898308,0.999984942489051,0.9088395029796077,0.9999680906889518,5.0
0.9999633577800594,0.9999726286205869,0.9999792085783072,0.9999834989464021,0.9999649423851589,0.9999567542786049,0.9999637318412489,0.9588728949675913,0.9999228124508145,0.9999071169264053,0.9999304750671439,0.9584033423978583,0.9506865522256183,0.9999540610175846,0.9999484887546506,0.9999762255213256,0.99993700189484,0.9491690888752286,0.9999869390898308,0.999984942489051,0.9088395029796077,0.9999680906889518,5.0
0.9999637678049556,0.9999732786539208,0.9999791685756418,0.9999814788175764,0.9999628992135846,0.9999566667705343,0.9999676323445299,0.9587698678994,0.9999057353691546,0.9999080611617206,0.9999399185861448,0.9584062899493652,0.9505759650867716,0.9999453564724738,0.9999558851031664,0.9999766645026107,0.9999450285339907,0.9487749221996085,0.999983295797613,0.9999855104517288,0.908344972624175,0.9999725033247904,5.0
0.9999633577800594,0.9999726286205869,0.9999792085783072,0.9999834989464021,0.9999649423851589,0.9999567542786049,0.9999637318412489,0.9588728949675913,0.9999228124508145,0.9999071169264053,0.9999304750671439,0.9584033423978583,0.9506865522256183,0.9999540610175846,0.9999484887546506,0.9999762255213256,0.99993700189484,0.9491690888752286,0.9999869390898308,0.999984942489051,0.9088395029796077,0.9999680906889518,5.0
0.9999637678049556,0.9999732786539208,0.9999791685756418,0.9999814788175764,0.9999628992135846,0.9999566667705343,0.9999676323445299,0.9587698678994,0.9999057353691546,0.9999080611617206,0.9999399185861448,0.9584062899493652,0.9505759650867716,0.9999453564724738,0.9999558851031664,0.9999766645026107,0.9999450285339907,0.9487749221996085,0.999983295797613,0.9999855104517288,0.908344972624175,0.9999725033247904,5.0
0.9999640078194653,0.9999737486781154,0.9999791685756418,0.9999814788175764,0.9999614712513284,0.9999564892896707,0.999968629420392,0.9587515245157221,0.9999026053827916,0.9999083111467605,0.9999423798115548,0.9584131990111935,0.9507287523290182,0.9999467663429386,0.9999560752120911,0.9999767024950081,0.9999498103280893,0.9484822734465499,0.9999779663071391,0.9999864272375601,0.9080083996189084,0.9999653873366247,5.0
0.9999621477067355,0.999964578215669,0.9999763583837382,0.9999765285028412,0.9999642011406031,0.9999480879486273,0.9999450626481812,0.9580189296113734,0.9998151233543487,0.9999138049156391,0.9999832229686484,0.9579725621690425,0.9496439818298552,0.9998734320334456,0.9999698299052742,0.9999781137312793,0.999983142903365,0.9461108056347249,0.9999562696013005,0.9999510696460404,0.9024685850086663,0.9999160537547478,2.0
0.9999620076983026,0.9999659582847429,0.999976748410285,0.9999771385416629,0.9999643996140648,0.9999492794168169,0.9999534902420365,0.9580252024777389,0.9998011383393236,0.9999157797984229,0.9999624639044319,0.9579252783856402,0.9496252366443106,0.9998724952658772,0.9999712574284182,0.9999782578276292,0.9999693535148064,0.94583015516047,0.9999485550559913,0.9999765855691686,0.9027611507038642,0.9999145939597459,2.0
0.9999606176140368,0.9999649482346208,0.9999733981812804,0.9999756184442673,0.9999859077523972,0.9999534206672663,0.9999757282372207,0.95814885401501,0.999784793673281,0.9999241330440275,0.999936377659915,0.9579769501970877,0.9498682644548102,0.9998970971884938,0.9999480178052315,0.9999777716016881,0.999945763418604,0.9487545814175574,0.9999788403902912,0.9999402666099033,0.9040317883718152,0.9999480550478399,2.0
0.999962487727322,0.9999686284198113,0.9999772784465334,0.9999791286680664,0.9999666029687074,0.9999531448895842,0.9999568704755653,0.9580207354413843,0.9998272730163956,0.9999133657685989,0.9999870157603977,0.9579938823454874,0.9496006512784165,0.9998819799421717,0.9999865669294193,0.9999778060508854,0.9999915210701654,0.9465252195578872,0.9999494264697506,0.9999821143344926,0.9040077148713435,0.9999357399403289,2.0
0.9999613976613462,0.9999687184243808,0.9999773684527169,0.9999797887094349,0.9999809458920136,0.9999576332396843,0.9999585521912978,0.9581435315794815,0.9998869354066707,0.9999088406428553,0.9999910326028153,0.9583136622673885,0.9498826765354075,0.9999432564914622,0.9999949249330332,0.9999762168597557,0.9999953138488068,0.9473542350138913,0.9999687677700815,0.9999588600427173,0.9036159772246413,0.999934852917744,2.0
0.999960607613431,0.999957737870614,0.9999731181618773,0.99997375832538,0.9999880227721036,0.999942791853615,0.9999442847482478,0.9586760599874861,0.9998440166380197,0.9999147975735744,0.9999714555431153,0.9587581855481737,0.9508077834509445,0.9999373172744892,0.9999774457959357,0.999976864504814,0.9999775246480144,0.9526238823804736,0.9999850830514552,0.9999569293051914,0.9079708912736024,0.9999713413333081,2.0
0.999960607613431,0.999957737870614,0.9999731181618773,0.99997375832538,0.9999880227721036,0.999942791853615,0.9999442847482478,0.9586760599874861,0.9998440166380197,0.9999147975735744,0.9999714555431153,0.9587581855481737,0.9508077834509445,0.9999373172744892,0.9999774457959357,0.999976864504814,0.9999775246480144,0.9526238823804736,0.9999850830514552,0.9999569293051914,0.9079708912736024,0.9999713413333081,2.0
0.9999626777388865,0.9999669183329887,0.9999777684801163,0.9999789986590599,0.9999596961005865,0.9999490440462739,0.9999514860762819,0.957988800839634,0.9997519250983825,0.9999248400873695,0.9999600135182607,0.9578847931605754,0.9494654788529086,0.9997910575498755,0.9999843105732067,0.9999815844397547,0.9999894611413539,0.9454172409883668,0.9999419617748445,0.9999603710504179,0.9019729486952387,0.9999040842890519,2.0
0.999962477726733,0.9999675783669959,0.9999772884466409,0.9999792586755825,0.9999620232135474,0.9999502939763636,0.9999563036692913,0.958006193792475,0.9997608151057565,0.999925027084223,0.9999593874471763,0.9579018979287487,0.9494844124143892,0.999793638761143,0.9999773139365358,0.999981113568364,0.999968572051509,0.9455515670410374,0.9999473762568797,0.999978704764301,0.9024584115534883,0.9999242917618888,2.0
0.9999627877455524,0.9999678783812345,0.999978698543019,0.9999795686961421,0.9999570989938604,0.9999487884483189,0.9999514158872616,0.9579919372728168,0.9997448780946673,0.9999248684324632,0.9999506738675974,0.9578807533953856,0.9494583198938601,0.9997709277009077,0.9999737903067031,0.999984479550788,0.9999866545290288,0.945248325820229,0.9999271057218339,0.999975138449595,0.9019869923156142,0.9999071897023497,2.0
0.9999630277600621,0.9999707185247687,0.9999789085579439,0.9999810087885685,0.9999627780719355,0.9999537564223399,0.9999569281530785,0.9579918422297331,0.9997380885208603,0.9999265069180537,0.9999494210906313,0.957879726977914,0.9494728262048715,0.999762489011024,0.9999565169398887,0.9999902719388989,0.999963714856508,0.9456909548154833,0.9999439680857367,0.999962346557615,0.9022527809141754,0.9999171697432852,2.0
0.9999631977704484,0.9999730486429051,0.9999806486764982,0.9999850890479595,0.9999688215405627,0.9999589773835581,0.9999575308453434,0.9617576536992382,0.9999696249868525,0.9999056577609342,0.9999878625084857,0.9659595650611486,0.9525202815634838,0.9999860258989681,0.9999960675297224,0.9999757477600583,0.9999955202684631,0.952230559497861,0.9999934695210765,0.9999804610097826,0.9121371725973592,0.9999772380765857,5.0
0.9999640478218215,0.9999764688135699,0.9999806486764982,0.9999850890479595,0.999965246085676,0.9999606296743381,0.9999645270110744,0.9627574157568567,0.9999797340384108,0.9999054105315017,0.9999936671845165,0.9710355377145388,0.9531582765907005,0.9999899636881019,0.9999988621777055,0.9999756833891585,0.9999988102929609,0.9534978919001255,0.9999939507268037,0.9999657329025338,0.9100708386454083,0.9999732143443989,5.0
0.9999640478218215,0.9999764688135699,0.9999806486764982,0.9999850890479595,0.999965246085676,0.9999606296743381,0.9999645270110744,0.9627574157568567,0.9999797340384108,0.9999054105315017,0.9999936671845165,0.9710355377145388,0.9531582765907005,0.9999899636881019,0.9999988621777055,0.9999756833891585,0.9999988102929609,0.9534978919001255,0.9999939507268037,0.9999657329025338,0.9100708386454083,0.9999732143443989,5.0
0.9999631977704484,0.9999730486429051,0.9999806486764982,0.9999850890479595,0.9999688215405627,0.9999589773835581,0.9999575308453434,0.9617576536992382,0.9999696249868525,0.9999056577609342,0.9999878625084857,0.9659595650611486,0.9525202815634838,0.9999860258989681,0.9999960675297224,0.9999757477600583,0.9999955202684631,0.952230559497861,0.9999934695210765,0.9999804610097826,0.9121371725973592,0.9999772380765857,5.0
0.9999640478218215,0.9999764688135699,0.9999806486764982,0.9999850890479595,0.999965246085676,0.9999606296743381,0.9999645270110744,0.9627574157568567,0.9999797340384108,0.9999054105315017,0.9999936671845165,0.9710355377145388,0.9531582765907005,0.9999899636881019,0.9999988621777055,0.9999756833891585,0.9999988102929609,0.9534978919001255,0.9999939507268037,0.9999657329025338,0.9100708386454083,0.9999732143443989,5.0
0.9999631977704484,0.9999730486429051,0.9999806486764982,0.9999850890479595,0.9999688215405627,0.9999589773835581,0.9999575308453434,0.9617576536992382,0.9999696249868525,0.9999056577609342,0.9999878625084857,0.9659595650611486,0.9525202815634838,0.9999860258989681,0.9999960675297224,0.9999757477600583,0.9999955202684631,0.952230559497861,0.9999934695210765,0.9999804610097826,0.9121371725973592,0.9999772380765857,5.0
0.9999637278025993,0.9999770288423342,0.9999796986118902,0.9999872591874065,0.9999730751776822,0.9999656715423412,0.999969306862425,0.9628241360472956,0.999977789716861,0.9999054556074948,0.9999934508110214,0.9709933006064645,0.953226757618863,0.9999900647915017,0.9999980202314158,0.9999756408690799,0.9999980759060532,0.9545032281956054,0.9999920946884282,0.9999690669168269,0.9117421172486183,0.9999795390819135,5.0
0.9999619876970314,0.9999753087563286,0.9999796986118902,0.9999872591874065,0.9999809124952088,0.9999656057697232,0.9999660288851849,0.9619445091783966,0.9999694315509544,0.9999056532335722,0.9999879253862026,0.9663815816811114,0.9528675851917286,0.9999865589679543,0.9999945914280541,0.9999757457914688,0.9999946558164887,0.9533893435706406,0.999991544793503,0.9999783849034471,0.91304610637638,0.9999810386825723,5.0
0.9999619876970314,0.9999753087563286,0.9999796986118902,0.9999872591874065,0.9999809124952088,0.9999656057697232,0.9999660288851849,0.9619445091783966,0.9999694315509544,0.9999056532335722,0.9999879253862026,0.9663815816811114,0.9528675851917286,0.9999865589679543,0.9999945914280541,0.9999757457914688,0.9999946558164887,0.9533893435706406,0.999991544793503,0.9999783849034471,0.91304610637638,0.9999810386825723,5.0
0.9999637278025993,0.9999770288423342,0.9999796986118902,0.9999872591874065,0.9999730751776822,0.9999656715423412,0.999969306862425,0.9628241360472956,0.999977789716861,0.9999054556074948,0.9999934508110214,0.9709933006064645,0.953226757618863,0.9999900647915017,0.9999980202314158,0.9999756408690799,0.9999980759060532,0.9545032281956054,0.9999920946884282,0.9999690669168269,0.9117421172486183,0.9999795390819135,5.0
0.9999637278025993,0.9999770288423342,0.9999796986118902,0.9999872591874065,0.9999730751776822,0.9999656715423412,0.999969306862425,0.9628241360472956,0.999977789716861,0.9999054556074948,0.9999934508110214,0.9709933006064645,0.953226757618863,0.9999900647915017,0.9999980202314158,0.9999756408690799,0.9999980759060532,0.9545032281956054,0.9999920946884282,0.9999690669168269,0.9117421172486183,0.9999795390819135,5.0
0.9999619876970314,0.9999753087563286,0.9999796986118902,0.9999872591874065,0.9999809124952088,0.9999656057697232,0.9999660288851849,0.9619445091783966,0.9999694315509544,0.9999056532335722,0.9999879253862026,0.9663815816811114,0.9528675851917286,0.9999865589679543,0.9999945914280541,0.9999757457914688,0.9999946558164887,0.9533893435706406,0.999991544793503,0.9999783849034471,0.91304610637638,0.9999810386825723,5.0
0.9999619876970314,0.9999753087563286,0.9999796986118902,0.9999872591874065,0.9999809124952088,0.9999656057697232,0.9999660288851849,0.9619445091783966,0.9999694315509544,0.9999056532335722,0.9999879253862026,0.9663815816811114,0.9528675851917286,0.9999865589679543,0.9999945914280541,0.9999757457914688,0.9999946558164887,0.9533893435706406,0.999991544793503,0.9999783849034471,0.91304610637638,0.9999810386825723,5.0
0.9999619876970314,0.9999753087563286,0.9999796986118902,0.9999872591874065,0.9999809124952088,0.9999656057697232,0.9999660288851849,0.9619445091783966,0.9999694315509544,0.9999056532335722,0.9999879253862026,0.9663815816811114,0.9528675851917286,0.9999865589679543,0.9999945914280541,0.9999757457914688,0.9999946558164887,0.9533893435706406,0.999991544793503,0.9999783849034471,0.91304610637638,0.9999810386825723,5.0
0.9999637278025993,0.9999770288423342,0.9999796986118902,0.9999872591874065,0.9999730751776822,0.9999656715423412,0.999969306862425,0.9628241360472956,0.999977789716861,0.9999054556074948,0.9999934508110214,0.9709933006064645,0.953226757618863,0.9999900647915017,0.9999980202314158,0.9999756408690799,0.9999980759060532,0.9545032281956054,0.9999920946884282,0.9999690669168269,0.9117421172486183,0.9999795390819135,5.0
0.9999619876970314,0.9999753087563286,0.9999796986118902,0.9999872591874065,0.9999809124952088,0.9999656057697232,0.9999660288851849,0.9619445091783966,0.9999694315509544,0.9999056532335722,0.9999879253862026,0.9663815816811114,0.9528675851917286,0.9999865589679543,0.9999945914280541,0.9999757457914688,0.9999946558164887,0.9533893435706406,0.999991544793503,0.9999783849034471,0.91304610637638,0.9999810386825723,5.0
0.9999637278025993,0.9999770288423342,0.9999796986118902,0.9999872591874065,0.9999730751776822,0.9999656715423412,0.999969306862425,0.9628241360472956,0.999977789716861,0.9999054556074948,0.9999934508110214,0.9709933006064645,0.953226757618863,0.9999900647915017,0.9999980202314158,0.9999756408690799,0.9999980759060532,0.9545032281956054,0.9999920946884282,0.9999690669168269,0.9117421172486183,0.9999795390819135,5.0
0.9999619876970314,0.9999753087563286,0.9999796986118902,0.9999872591874065,0.9999809124952088,0.9999656057697232,0.9999660288851849,0.9619445091783966,0.9999694315509544,0.9999056532335722,0.9999879253862026,0.9663815816811114,0.9528675851917286,0.9999865589679543,0.9999945914280541,0.9999757457914688,0.9999946558164887,0.9533893435706406,0.999991544793503,0.9999783849034471,0.91304610637638,0.9999810386825723,5.0
0.9999619876970314,0.9999753087563286,0.9999796986118902,0.9999872591874065,0.9999809124952088,0.9999656057697232,0.9999660288851849,0.9619445091783966,0.9999694315509544,0.9999056532335722,0.9999879253862026,0.9663815816811114,0.9528675851917286,0.9999865589679543,0.9999945914280541,0.9999757457914688,0.9999946558164887,0.9533893435706406,0.999991544793503,0.9999783849034471,0.91304610637638,0.9999810386825723,5.0
0.9999619876970314,0.9999753087563286,0.9999796986118902,0.9999872591874065,0.9999809124952088,0.9999656057697232,0.9999660288851849,0.9619445091783966,0.9999694315509544,0.9999056532335722,0.9999879253862026,0.9663815816811114,0.9528675851917286,0.9999865589679543,0.9999945914280541,0.9999757457914688,0.9999946558164887,0.9533893435706406,0.999991544793503,0.9999783849034471,0.91304610637638,0.9999810386825723,5.0
0.9999619876970314,0.9999753087563286,0.9999796986118902,0.9999872591874065,0.9999809124952088,0.9999656057697232,0.9999660288851849,0.9619445091783966,0.9999694315509544,0.9999056532335722,0.9999879253862026,0.9663815816811114,0.9528675851917286,0.9999865589679543,0.9999945914280541,0.9999757457914688,0.9999946558164887,0.9533893435706406,0.999991544793503,0.9999783849034471,0.91304610637638,0.9999810386825723,5.0
0.9999619876970314,0.9999753087563286,0.9999796986118902,0.9999872591874065,0.9999809124952088,0.9999656057697232,0.9999660288851849,0.9619445091783966,0.9999694315509544,0.9999056532335722,0.9999879253862026,0.9663815816811114,0.9528675851917286,0.9999865589679543,0.9999945914280541,0.9999757457914688,0.9999946558164887,0.9533893435706406,0.999991544793503,0.9999783849034471,0.91304610637638,0.9999810386825723,5.0
0.9999619876970314,0.9999753087563286,0.9999796986118902,0.9999872591874065,0.9999809124952088,0.9999656057697232,0.9999660288851849,0.9619445091783966,0.9999694315509544,0.9999056532335722,0.9999879253862026,0.9663815816811114,0.9528675851917286,0.9999865589679543,0.9999945914280541,0.9999757457914688,0.9999946558164887,0.9533893435706406,0.999991544793503,0.9999783849034471,0.91304610637638,0.9999810386825723,5.0
0.9999619876970314,0.9999753087563286,0.9999796986118902,0.9999872591874065,0.9999809124952088,0.9999656057697232,0.9999660288851849,0.9619445091783966,0.9999694315509544,0.9999056532335722,0.9999879253862026,0.9663815816811114,0.9528675851917286,0.9999865589679543,0.9999945914280541,0.9999757457914688,0.9999946558164887,0.9533893435706406,0.999991544793503,0.9999783849034471,0.91304610637638,0.9999810386825723,5.0
0.9999619876970314,0.9999753087563286,0.9999796986118902,0.9999872591874065,0.9999809124952088,0.9999656057697232,0.9999660288851849,0.9619445091783966,0.9999694315509544,0.9999056532335722,0.9999879253862026,0.9663815816811114,0.9528675851917286,0.9999865589679543,0.9999945914280541,0.9999757457914688,0.9999946558164887,0.9533893435706406,0.999991544793503,0.9999783849034471,0.91304610637638,0.9999810386825723,5.0
0.9999619876970314,0.9999753087563286,0.9999796986118902,0.9999872591874065,0.9999809124952088,0.9999656057697232,0.9999660288851849,0.9619445091783966,0.9999694315509544,0.9999056532335722,0.9999879253862026,0.9663815816811114,0.9528675851917286,0.9999865589679543,0.9999945914280541,0.9999757457914688,0.9999946558164887,0.9533893435706406,0.999991544793503,0.9999783849034471,0.91304610637638,0.9999810386825723,5.0
0.9999619876970314,0.9999753087563286,0.9999796986118902,0.9999872591874065,0.9999809124952088,0.9999656057697232,0.9999660288851849,0.9619445091783966,0.9999694315509544,0.9999056532335722,0.9999879253862026,0.9663815816811114,0.9528675851917286,0.9999865589679543,0.9999945914280541,0.9999757457914688,0.9999946558164887,0.9533893435706406,0.999991544793503,0.9999783849034471,0.91304610637638,0.9999810386825723,5.0
0.999962867750451,0.999979358961961,0.9999796986118902,0.9999872591874065,0.9999820318573989,0.9999719711995302,0.9999733774158029,0.9618409118973859,0.9999689907668858,0.999905733150099,0.9999876839546051,0.9660259274276936,0.9527085810285795,0.9999808897890576,0.9999951481737035,0.9999758629188141,0.999994633851878,0.9540365086576835,0.999992850841618,0.9999773424990798,0.9135460296526073,0.9999868498079338,5.0
0.9999614176625242,0.9999695284655074,0.9999752283060181,0.9999808587779473,0.9999880192613562,0.9999615890473531,0.9999703049069152,0.9586056328112103,0.9999166181404715,0.999907485605221,0.9999739489852338,0.9587362833434733,0.9509212906120521,0.9999243920795308,0.9999747725406177,0.9999771650986212,0.999975900309918,0.9506588611178126,0.9999872787700698,0.9999921636206704,0.9144899345387232,0.9999788179082871,2.0
0.9999612976552694,0.9999725786187105,0.9999752283060181,0.9999808587779473,0.9999863840100262,0.9999642850660433,0.9999774131969257,0.9600192139627833,0.9999438872156469,0.9999064372422551,0.9999782107044399,0.9610826257901409,0.9519727154974346,0.9999573977396181,0.9999875094004709,0.9999762394977889,0.9999861337621164,0.9527339308665139,0.9999939507268037,0.9999852753617797,0.9147333305829194,0.9999885880280126,5.0
0.9999612976552694,0.9999725786187105,0.9999752283060181,0.9999808587779473,0.9999863840100262,0.9999642850660433,0.9999774131969257,0.9600192139627833,0.9999438872156469,0.9999064372422551,0.9999782107044399,0.9610826257901409,0.9519727154974346,0.9999573977396181,0.9999875094004709,0.9999762394977889,0.9999861337621164,0.9527339308665139,0.9999939507268037,0.9999852753617797,0.9147333305829194,0.9999885880280126,5.0
0.9999612976552694,0.9999725786187105,0.9999752283060181,0.9999808587779473,0.9999863840100262,0.9999642850660433,0.9999774131969257,0.9600192139627833,0.9999438872156469,0.9999064372422551,0.9999782107044399,0.9610826257901409,0.9519727154974346,0.9999573977396181,0.9999875094004709,0.9999762394977889,0.9999861337621164,0.9527339308665139,0.9999939507268037,0.9999852753617797,0.9147333305829194,0.9999885880280126,5.0
0.999962867750451,0.999979358961961,0.9999796986118902,0.9999872591874065,0.9999820318573989,0.9999719711995302,0.9999733774158029,0.9618409118973859,0.9999689907668858,0.999905733150099,0.9999876839546051,0.9660259274276936,0.9527085810285795,0.9999808897890576,0.9999951481737035,0.9999758629188141,0.999994633851878,0.9540365086576835,0.999992850841618,0.9999773424990798,0.9135460296526073,0.9999868498079338,5.0
0.999962867750451,0.999979358961961,0.9999796986118902,0.9999872591874065,0.9999820318573989,0.9999719711995302,0.9999733774158029,0.9618409118973859,0.9999689907668858,0.999905733150099,0.9999876839546051,0.9660259274276936,0.9527085810285795,0.9999808897890576,0.9999951481737035,0.9999758629188141,0.999994633851878,0.9540365086576835,0.999992850841618,0.9999773424990798,0.9135460296526073,0.9999868498079338,5.0
0.9999612976552694,0.9999725786187105,0.9999752283060181,0.9999808587779473,0.9999863840100262,0.9999642850660433,0.9999774131969257,0.9600192139627833,0.9999438872156469,0.9999064372422551,0.9999782107044399,0.9610826257901409,0.9519727154974346,0.9999573977396181,0.9999875094004709,0.9999762394977889,0.9999861337621164,0.9527339308665139,0.9999939507268037,0.9999852753617797,0.9147333305829194,0.9999885880280126,5.0
0.9999612976552694,0.9999725786187105,0.9999752283060181,0.9999808587779473,0.9999863840100262,0.9999642850660433,0.9999774131969257,0.9600192139627833,0.9999438872156469,0.9999064372422551,0.9999782107044399,0.9610826257901409,0.9519727154974346,0.9999573977396181,0.9999875094004709,0.9999762394977889,0.9999861337621164,0.9527339308665139,0.9999939507268037,0.9999852753617797,0.9147333305829194,0.9999885880280126,5.0
0.9999624377243768,0.9999685684172616,0.999976748410285,0.9999789886597428,0.9999698800637046,0.9999544556315542,0.9999594051166858,0.9580814682059919,0.9998541683284174,0.9999108751681299,0.9999771176549948,0.9580387960435546,0.949612896863135,0.9998890415451188,0.9999804525204695,0.9999768202128558,0.9999764724090495,0.9464344815325347,0.9999758029549128,0.9999809334546886,0.9038010363918533,0.9999436060386885,2.0
0.999962867750451,0.999979358961961,0.9999796986118902,0.9999872591874065,0.9999820318573989,0.9999719711995302,0.9999733774158029,0.9618409118973859,0.9999689907668858,0.999905733150099,0.9999876839546051,0.9660259274276936,0.9527085810285795,0.9999808897890576,0.9999951481737035,0.9999758629188141,0.999994633851878,0.9540365086576835,0.999992850841618,0.9999773424990798,0.9135460296526073,0.9999868498079338,5.0
0.999962867750451,0.999979358961961,0.9999796986118902,0.9999872591874065,0.9999820318573989,0.9999719711995302,0.9999733774158029,0.9618409118973859,0.9999689907668858,0.999905733150099,0.9999876839546051,0.9660259274276936,0.9527085810285795,0.9999808897890576,0.9999951481737035,0.9999758629188141,0.999994633851878,0.9540365086576835,0.999992850841618,0.9999773424990798,0.9135460296526073,0.9999868498079338,5.0
0.9999612976552694,0.9999725786187105,0.9999752283060181,0.9999808587779473,0.9999863840100262,0.9999642850660433,0.9999774131969257,0.9600192139627833,0.9999438872156469,0.9999064372422551,0.9999782107044399,0.9610826257901409,0.9519727154974346,0.9999573977396181,0.9999875094004709,0.9999762394977889,0.9999861337621164,0.9527339308665139,0.9999939507268037,0.9999852753617797,0.9147333305829194,0.9999885880280126,5.0
0.9999612976552694,0.9999725786187105,0.9999752283060181,0.9999808587779473,0.9999863840100262,0.9999642850660433,0.9999774131969257,0.9600192139627833,0.9999438872156469,0.9999064372422551,0.9999782107044399,0.9610826257901409,0.9519727154974346,0.9999573977396181,0.9999875094004709,0.9999762394977889,0.9999861337621164,0.9527339308665139,0.9999939507268037,0.9999852753617797,0.9147333305829194,0.9999885880280126,5.0
0.9999619076922258,0.9999749187360302,0.9999754783236084,0.999981788838136,0.9999831824050401,0.9999663549350126,0.9999807475617274,0.9600369871336418,0.9999350099951579,0.9999067712776056,0.9999790798701118,0.9611997516909324,0.9519210013933868,0.9999509076974041,0.9999885689010612,0.9999764885163415,0.9999865298999799,0.9526656892422131,0.9999935382579421,0.9999837567514009,0.9139477001157729,0.9999830492019472,5.0
0.9999619076922258,0.9999749187360302,0.9999754783236084,0.999981788838136,0.9999831824050401,0.9999663549350126,0.9999807475617274,0.9600369871336418,0.9999350099951579,0.9999067712776056,0.9999790798701118,0.9611997516909324,0.9519210013933868,0.9999509076974041,0.9999885689010612,0.9999764885163415,0.9999865298999799,0.9526656892422131,0.9999935382579421,0.9999837567514009,0.9139477001157729,0.9999830492019472,5.0
0.9999619076922258,0.9999749187360302,0.9999754783236084,0.999981788838136,0.9999831824050401,0.9999663549350126,0.9999807475617274,0.9600369871336418,0.9999350099951579,0.9999067712776056,0.9999790798701118,0.9611997516909324,0.9519210013933868,0.9999509076974041,0.9999885689010612,0.9999764885163415,0.9999865298999799,0.9526656892422131,0.9999935382579421,0.9999837567514009,0.9139477001157729,0.9999830492019472,5.0
0.9999619076922258,0.9999749187360302,0.9999754783236084,0.999981788838136,0.9999831824050401,0.9999663549350126,0.9999807475617274,0.9600369871336418,0.9999350099951579,0.9999067712776056,0.9999790798701118,0.9611997516909324,0.9519210013933868,0.9999509076974041,0.9999885689010612,0.9999764885163415,0.9999865298999799,0.9526656892422131,0.9999935382579421,0.9999837567514009,0.9139477001157729,0.9999830492019472,5.0
0.9999619076922258,0.9999749187360302,0.9999754783236084,0.999981788838136,0.9999831824050401,0.9999663549350126,0.9999807475617274,0.9600369871336418,0.9999350099951579,0.9999067712776056,0.9999790798701118,0.9611997516909324,0.9519210013933868,0.9999509076974041,0.9999885689010612,0.9999764885163415,0.9999865298999799,0.9526656892422131,0.9999935382579421,0.9999837567514009,0.9139477001157729,0.9999830492019472,5.0
0.9999619076922258,0.9999749187360302,0.9999754783236084,0.999981788838136,0.9999831824050401,0.9999663549350126,0.9999807475617274,0.9600369871336418,0.9999350099951579,0.9999067712776056,0.9999790798701118,0.9611997516909324,0.9519210013933868,0.9999509076974041,0.9999885689010612,0.9999764885163415,0.9999865298999799,0.9526656892422131,0.9999935382579421,0.9999837567514009,0.9139477001157729,0.9999830492019472,5.0
0.9999619076922258,0.9999749187360302,0.9999754783236084,0.999981788838136,0.9999831824050401,0.9999663549350126,0.9999807475617274,0.9600369871336418,0.9999350099951579,0.9999067712776056,0.9999790798701118,0.9611997516909324,0.9519210013933868,0.9999509076974041,0.9999885689010612,0.9999764885163415,0.9999865298999799,0.9526656892422131,0.9999935382579421,0.9999837567514009,0.9139477001157729,0.9999830492019472,5.0
0.9999619076922258,0.9999749187360302,0.9999754783236084,0.999981788838136,0.9999831824050401,0.9999663549350126,0.9999807475617274,0.9600369871336418,0.9999350099951579,0.9999067712776056,0.9999790798701118,0.9611997516909324,0.9519210013933868,0.9999509076974041,0.9999885689010612,0.9999764885163415,0.9999865298999799,0.9526656892422131,0.9999935382579421,0.9999837567514009,0.9139477001157729,0.9999830492019472,5.0
0.9999619076922258,0.9999749187360302,0.9999754783236084,0.999981788838136,0.9999831824050401,0.9999663549350126,0.9999807475617274,0.9600369871336418,0.9999350099951579,0.9999067712776056,0.9999790798701118,0.9611997516909324,0.9519210013933868,0.9999509076974041,0.9999885689010612,0.9999764885163415,0.9999865298999799,0.9526656892422131,0.9999935382579421,0.9999837567514009,0.9139477001157729,0.9999830492019472,5.0
0.9999608676291952,0.9999653282527556,0.9999761783713712,0.9999783786194308,0.9999795029807682,0.9999523066336757,0.9999533606765852,0.9585713221437882,0.9999227779154994,0.9999072655395883,0.9999645454852859,0.9584965711101118,0.9503286985036096,0.9999423769967531,0.999973749310005,0.9999773753373778,0.9999734270411081,0.9480943874600167,0.999976935158819,0.9999720163744849,0.9052352343630553,0.9999615273796886,2.0
0.9999619076922258,0.9999749187360302,0.9999754783236084,0.999981788838136,0.9999831824050401,0.9999663549350126,0.9999807475617274,0.9600369871336418,0.9999350099951579,0.9999067712776056,0.9999790798701118,0.9611997516909324,0.9519210013933868,0.9999509076974041,0.9999885689010612,0.9999764885163415,0.9999865298999799,0.9526656892422131,0.9999935382579421,0.9999837567514009,0.9139477001157729,0.9999830492019472,5.0
0.9999615576710503,0.999970178497351,0.9999754783236084,0.999981788838136,0.9999843087589225,0.9999610417419211,0.9999705093589533,0.9585614376174008,0.999898092720633,0.9999084542487285,0.9999752016817326,0.9587114700839365,0.9507636051540285,0.9999078997840705,0.9999760976435434,0.9999781176684581,0.9999748934545477,0.9505262223357704,0.9999872787700698,0.9999923387653945,0.9142863928738632,0.9999778163550544,5.0
0.9999622777145795,0.9999746487238116,0.9999754783236084,0.999981788838136,0.9999813323126551,0.999965792850188,0.9999802321055905,0.9603330473672249,0.9999266927758842,0.9999073460467621,0.9999790148167985,0.9616117542457162,0.9524193967729236,0.9999493809693325,0.9999860783367571,0.9999768773002727,0.9999881953002753,0.9534536477345349,0.9999936069948078,0.9999789148080299,0.913215134998837,0.9999821750268169,5.0
0.9999622777145795,0.9999746487238116,0.9999754783236084,0.999981788838136,0.9999813323126551,0.999965792850188,0.9999802321055905,0.9603330473672249,0.9999266927758842,0.9999073460467621,0.9999790148167985,0.9616117542457162,0.9524193967729236,0.9999493809693325,0.9999860783367571,0.9999768773002727,0.9999881953002753,0.9534536477345349,0.9999936069948078,0.9999789148080299,0.913215134998837,0.9999821750268169,5.0
0.9999622777145795,0.9999746487238116,0.9999754783236084,0.999981788838136,0.9999813323126551,0.999965792850188,0.9999802321055905,0.9603330473672249,0.9999266927758842,0.9999073460467621,0.9999790148167985,0.9616117542457162,0.9524193967729236,0.9999493809693325,0.9999860783367571,0.9999768773002727,0.9999881953002753,0.9534536477345349,0.9999936069948078,0.9999789148080299,0.913215134998837,0.9999821750268169,5.0
0.9999613076558584,0.9999692384504518,0.9999754783236084,0.999981788838136,0.9999848252679566,0.9999596801482907,0.999968130375794,0.9587503839987177,0.9998815148399203,0.9999099364440296,0.9999751565425772,0.95894911100563,0.9508765471816685,0.9999051923961413,0.9999769354412869,0.9999790798839734,0.9999788872287488,0.9512716235276338,0.9999884837625986,0.9999901260313921,0.9145461980883594,0.9999806909193778,5.0
0.9999622777145795,0.9999746487238116,0.9999754783236084,0.999981788838136,0.9999813323126551,0.999965792850188,0.9999802321055905,0.9603330473672249,0.9999266927758842,0.9999073460467621,0.9999790148167985,0.9616117542457162,0.9524193967729236,0.9999493809693325,0.9999860783367571,0.9999768773002727,0.9999881953002753,0.9534536477345349,0.9999936069948078,0.9999789148080299,0.913215134998837,0.9999821750268169,5.0
0.9999613076558584,0.9999692384504518,0.9999754783236084,0.999981788838136,0.9999848252679566,0.9999596801482907,0.999968130375794,0.9587503839987177,0.9998815148399203,0.9999099364440296,0.9999751565425772,0.95894911100563,0.9508765471816685,0.9999051923961413,0.9999769354412869,0.9999790798839734,0.9999788872287488,0.9512716235276338,0.9999884837625986,0.9999901260313921,0.9145461980883594,0.9999806909193778,5.0
0.9999622777145795,0.9999746487238116,0.9999754783236084,0.999981788838136,0.9999813323126551,0.999965792850188,0.9999802321055905,0.9603330473672249,0.9999266927758842,0.9999073460467621,0.9999790148167985,0.9616117542457162,0.9524193967729236,0.9999493809693325,0.9999860783367571,0.9999768773002727,0.9999881953002753,0.9534536477345349,0.9999936069948078,0.9999789148080299,0.913215134998837,0.9999821750268169,5.0
0.9999613076558584,0.9999692384504518,0.9999754783236084,0.999981788838136,0.9999848252679566,0.9999596801482907,0.999968130375794,0.9587503839987177,0.9998815148399203,0.9999099364440296,0.9999751565425772,0.95894911100563,0.9508765471816685,0.9999051923961413,0.9999769354412869,0.9999790798839734,0.9999788872287488,0.9512716235276338,0.9999884837625986,0.9999901260313921,0.9145461980883594,0.9999806909193778,5.0
0.9999622777145795,0.9999746487238116,0.9999754783236084,0.999981788838136,0.9999813323126551,0.999965792850188,0.9999802321055905,0.9603330473672249,0.9999266927758842,0.9999073460467621,0.9999790148167985,0.9616117542457162,0.9524193967729236,0.9999493809693325,0.9999860783367571,0.9999768773002727,0.9999881953002753,0.9534536477345349,0.9999936069948078,0.9999789148080299,0.913215134998837,0.9999821750268169,5.0
0.9999613076558584,0.9999692384504518,0.9999754783236084,0.999981788838136,0.9999848252679566,0.9999596801482907,0.999968130375794,0.9587503839987177,0.9998815148399203,0.9999099364440296,0.9999751565425772,0.95894911100563,0.9508765471816685,0.9999051923961413,0.9999769354412869,0.9999790798839734,0.9999788872287488,0.9512716235276338,0.9999884837625986,0.9999901260313921,0.9145461980883594,0.9999806909193778,5.0
0.9999622777145795,0.9999746487238116,0.9999754783236084,0.999981788838136,0.9999813323126551,0.999965792850188,0.9999802321055905,0.9603330473672249,0.9999266927758842,0.9999073460467621,0.9999790148167985,0.9616117542457162,0.9524193967729236,0.9999493809693325,0.9999860783367571,0.9999768773002727,0.9999881953002753,0.9534536477345349,0.9999936069948078,0.9999789148080299,0.913215134998837,0.9999821750268169,5.0
0.9999622777145795,0.9999746487238116,0.9999754783236084,0.999981788838136,0.9999813323126551,0.999965792850188,0.9999802321055905,0.9603330473672249,0.9999266927758842,0.9999073460467621,0.9999790148167985,0.9616117542457162,0.9524193967729236,0.9999493809693325,0.9999860783367571,0.9999768773002727,0.9999881953002753,0.9534536477345349,0.9999936069948078,0.9999789148080299,0.913215134998837,0.9999821750268169,5.0
0.9999613076558584,0.9999692384504518,0.9999754783236084,0.999981788838136,0.9999848252679566,0.9999596801482907,0.999968130375794,0.9587503839987177,0.9998815148399203,0.9999099364440296,0.9999751565425772,0.95894911100563,0.9508765471816685,0.9999051923961413,0.9999769354412869,0.9999790798839734,0.9999788872287488,0.9512716235276338,0.9999884837625986,0.9999901260313921,0.9145461980883594,0.9999806909193778,5.0
0.9999613076558584,0.9999692384504518,0.9999754783236084,0.999981788838136,0.9999848252679566,0.9999596801482907,0.999968130375794,0.9587503839987177,0.9998815148399203,0.9999099364440296,0.9999751565425772,0.95894911100563,0.9508765471816685,0.9999051923961413,0.9999769354412869,0.9999790798839734,0.9999788872287488,0.9512716235276338,0.9999884837625986,0.9999901260313921,0.9145461980883594,0.9999806909193778,5.0
0.9999613076558584,0.9999692384504518,0.9999754783236084,0.999981788838136,0.9999848252679566,0.9999596801482907,0.999968130375794,0.9587503839987177,0.9998815148399203,0.9999099364440296,0.9999751565425772,0.95894911100563,0.9508765471816685,0.9999051923961413,0.9999769354412869,0.9999790798839734,0.9999788872287488,0.9512716235276338,0.9999884837625986,0.9999901260313921,0.9145461980883594,0.9999806909193778,5.0
0.9999613076558584,0.9999692384504518,0.9999754783236084,0.999981788838136,0.9999848252679566,0.9999596801482907,0.999968130375794,0.9587503839987177,0.9998815148399203,0.9999099364440296,0.9999751565425772,0.95894911100563,0.9508765471816685,0.9999051923961413,0.9999769354412869,0.9999790798839734,0.9999788872287488,0.9512716235276338,0.9999884837625986,0.9999901260313921,0.9145461980883594,0.9999806909193778,5.0
0.9999613076558584,0.9999692384504518,0.9999754783236084,0.999981788838136,0.9999848252679566,0.9999596801482907,0.999968130375794,0.9587503839987177,0.9998815148399203,0.9999099364440296,0.9999751565425772,0.95894911100563,0.9508765471816685,0.9999051923961413,0.9999769354412869,0.9999790798839734,0.9999788872287488,0.9512716235276338,0.9999884837625986,0.9999901260313921,0.9145461980883594,0.9999806909193778,5.0
0.9999613076558584,0.9999692384504518,0.9999754783236084,0.999981788838136,0.9999848252679566,0.9999596801482907,0.999968130375794,0.9587503839987177,0.9998815148399203,0.9999099364440296,0.9999751565425772,0.95894911100563,0.9508765471816685,0.9999051923961413,0.9999769354412869,0.9999790798839734,0.9999788872287488,0.9512716235276338,0.9999884837625986,0.9999901260313921,0.9145461980883594,0.9999806909193778,5.0
0.9999613076558584,0.9999692384504518,0.9999754783236084,0.999981788838136,0.9999848252679566,0.9999596801482907,0.999968130375794,0.9587503839987177,0.9998815148399203,0.9999099364440296,0.9999751565425772,0.95894911100563,0.9508765471816685,0.9999051923961413,0.9999769354412869,0.9999790798839734,0.9999788872287488,0.9512716235276338,0.9999884837625986,0.9999901260313921,0.9145461980883594,0.9999806909193778,5.0
0.9999613076558584,0.9999692384504518,0.9999754783236084,0.999981788838136,0.9999848252679566,0.9999596801482907,0.999968130375794,0.9587503839987177,0.9998815148399203,0.9999099364440296,0.9999751565425772,0.95894911100563,0.9508765471816685,0.9999051923961413,0.9999769354412869,0.9999790798839734,0.9999788872287488,0.9512716235276338,0.9999884837625986,0.9999901260313921,0.9145461980883594,0.9999806909193778,5.0
0.9999613076558584,0.9999692384504518,0.9999754783236084,0.999981788838136,0.9999848252679566,0.9999596801482907,0.999968130375794,0.9587503839987177,0.9998815148399203,0.9999099364440296,0.9999751565425772,0.95894911100563,0.9508765471816685,0.9999051923961413,0.9999769354412869,0.9999790798839734,0.9999788872287488,0.9512716235276338,0.9999884837625986,0.9999901260313921,0.9145461980883594,0.9999806909193778,5.0
0.9999613076558584,0.9999692384504518,0.9999754783236084,0.999981788838136,0.9999848252679566,0.9999596801482907,0.999968130375794,0.9587503839987177,0.9998815148399203,0.9999099364440296,0.9999751565425772,0.95894911100563,0.9508765471816685,0.9999051923961413,0.9999769354412869,0.9999790798839734,0.9999788872287488,0.9512716235276338,0.9999884837625986,0.9999901260313921,0.9145461980883594,0.9999806909193778,5.0
0.9999613076558584,0.9999692384504518,0.9999754783236084,0.999981788838136,0.9999848252679566,0.9999596801482907,0.999968130375794,0.9587503839987177,0.9998815148399203,0.9999099364440296,0.9999751565425772,0.95894911100563,0.9508765471816685,0.9999051923961413,0.9999769354412869,0.9999790798839734,0.9999788872287488,0.9512716235276338,0.9999884837625986,0.9999901260313921,0.9145461980883594,0.9999806909193778,5.0
0.9999611276449296,0.9999675283636293,0.9999747682749931,0.9999806187630396,0.9999828561677894,0.9999565223324464,0.9999660391951124,0.9589549174457611,0.9998861412850973,0.9999102883917595,0.9999834856495643,0.9596034600403217,0.9514259971768627,0.9999166918472584,0.9999818064605608,0.999979300752703,0.999984913847042,0.9534723020118951,0.9999880025568714,0.9999869469734491,0.916971335626616,0.9999829272107185,5.0
0.9999611276449296,0.9999675283636293,0.9999747682749931,0.9999806187630396,0.9999828561677894,0.9999565223324464,0.9999660391951124,0.9589549174457611,0.9998861412850973,0.9999102883917595,0.9999834856495643,0.9596034600403217,0.9514259971768627,0.9999166918472584,0.9999818064605608,0.999979300752703,0.999984913847042,0.9534723020118951,0.9999880025568714,0.9999869469734491,0.916971335626616,0.9999829272107185,5.0
0.9999611276449296,0.9999675283636293,0.9999747682749931,0.9999806187630396,0.9999828561677894,0.9999565223324464,0.9999660391951124,0.9589549174457611,0.9998861412850973,0.9999102883917595,0.9999834856495643,0.9596034600403217,0.9514259971768627,0.9999166918472584,0.9999818064605608,0.999979300752703,0.999984913847042,0.9534723020118951,0.9999880025568714,0.9999869469734491,0.916971335626616,0.9999829272107185,5.0
0.9999611276449296,0.9999675283636293,0.9999747682749931,0.9999806187630396,0.9999828561677894,0.9999565223324464,0.9999660391951124,0.9589549174457611,0.9998861412850973,0.9999102883917595,0.9999834856495643,0.9596034600403217,0.9514259971768627,0.9999166918472584,0.9999818064605608,0.999979300752703,0.999984913847042,0.9534723020118951,0.9999880025568714,0.9999869469734491,0.916971335626616,0.9999829272107185,5.0
0.9999611276449296,0.9999675283636293,0.9999747682749931,0.9999806187630396,0.9999828561677894,0.9999565223324464,0.9999660391951124,0.9589549174457611,0.9998861412850973,0.9999102883917595,0.9999834856495643,0.9596034600403217,0.9514259971768627,0.9999166918472584,0.9999818064605608,0.999979300752703,0.999984913847042,0.9534723020118951,0.9999880025568714,0.9999869469734491,0.916971335626616,0.9999829272107185,5.0
0.9999630477612401,0.9999696484706067,0.999978368520843,0.9999798287126647,0.9999599239117375,0.9999516217821391,0.9999538358149785,0.9580729142941969,0.9998560583325187,0.9999108586337403,0.9999791774322002,0.9580388294341254,0.9496212803931061,0.9998834704903846,0.9999729549587478,0.9999770337981027,0.9999853532346248,0.9464145154291812,0.9999595779800523,0.9999683307176993,0.9031228145293285,0.9999350434605113,2.0
0.9999611276449296,0.9999675283636293,0.9999747682749931,0.9999806187630396,0.9999828561677894,0.9999565223324464,0.9999660391951124,0.9589549174457611,0.9998861412850973,0.9999102883917595,0.9999834856495643,0.9596034600403217,0.9514259971768627,0.9999166918472584,0.9999818064605608,0.999979300752703,0.999984913847042,0.9534723020118951,0.9999880025568714,0.9999869469734491,0.916971335626616,0.9999829272107185,5.0
0.9999622877151685,0.9999694884628141,0.9999779984952563,0.9999806587662693,0.9999725347729154,0.9999562804409696,0.999956473655496,0.9581556971398777,0.9998952897353202,0.9999080355726069,0.999981358154685,0.9581856026218623,0.9497597497059368,0.9999105623881032,0.9999863546859733,0.9999774149047587,0.999987679331602,0.9468029642447536,0.9999840155326576,0.999987956803425,0.9052094094185326,0.9999586784626028,2.0
0.999962487727322,0.9999684384099987,0.9999771784394973,0.9999789286548981,0.9999707222198979,0.9999547748592792,0.9999580514832676,0.9580632198539769,0.9998006917636184,0.9999186585651458,0.9999628470955081,0.957963290016313,0.9497116151351783,0.9998660745564755,0.9999621290141166,0.9999781544800372,0.9999600078739607,0.9466609516468872,0.9999684112154664,0.9999756115799641,0.903754704455057,0.9999453987949009,2.0
0.9999614376637024,0.9999671083428012,0.9999770084279829,0.9999794586887506,0.9999776749899988,0.9999545939272085,0.9999535108870851,0.958301968993883,0.9998845909616787,0.9999090524412932,0.9999545881261732,0.9581644504488644,0.9499747068589861,0.9999191422819218,0.9999609422169311,0.9999766832034651,0.9999678782618776,0.9462007937620203,0.9999635885759581,0.9999657286228607,0.9028345631363771,0.999929229641713,2.0
0.9999614376637024,0.9999671083428012,0.9999770084279829,0.9999794586887506,0.9999776749899988,0.9999545939272085,0.9999535108870851,0.9582578688431571,0.9998818973739475,0.9999091429874165,0.999961283643373,0.9581572360300367,0.9499365571353341,0.9999123649458886,0.999964447035252,0.999976595604216,0.9999750676991785,0.9466434226671643,0.9999645873340562,0.9999678564429052,0.9033430320530536,0.9999381169577765,2.0
0.9999630377606511,0.9999672183487174,0.999976568397918,0.9999766185071276,0.9999542766002644,0.9999473915260096,0.9999517027924545,0.9580969602857382,0.9998647114190518,0.9999103297277336,0.9999806719119682,0.9580848160155442,0.9496717698752959,0.9999040032752498,0.9999860074061514,0.9999776930574288,0.9999881269089745,0.9464007361199644,0.9999607613790997,0.9999929669772852,0.9051581419378486,0.9999491683906121,2.0
0.9999625277298645,0.9999646982222585,0.9999758883511154,0.9999756184442673,0.9999573016724703,0.9999461885940304,0.9999474743068886,0.9580500088196601,0.9998167628403715,0.9999164236583727,0.9999700620825477,0.9579687897767939,0.9496125200773059,0.9998706517852871,0.9999722364853569,0.9999812271519505,0.9999804897333665,0.9463045611985325,0.9999536809575934,0.9999713206474741,0.9031392276543911,0.9999299937196403,2.0
0.999961507668012,0.9999672983526138,0.9999746782688096,0.9999773085524087,0.9999851441856864,0.9999577313755658,0.9999670040730346,0.9581528458245254,0.9998651784680733,0.999910487001876,0.9999546929422365,0.9580240305366745,0.9498100508178501,0.9998997059279148,0.9999559586295939,0.9999770040732965,0.9999745487085087,0.9491310316839953,0.9999771049989384,0.9999388938705103,0.9041603370746398,0.999935957846506,2.0
0.9999608076255445,0.9999709685371309,0.999975338313907,0.9999857190883961,0.9999912043914594,0.9999635962074703,0.99996632268347,0.9625438530112893,0.9999310886042858,0.9999070692913147,0.9999783296231364,0.9643109577400393,0.9534661119712712,0.9999575344508631,0.9999842797869396,0.9999775050630995,0.9999866733107081,0.9650397114868833,0.9999899273321126,0.9999762395415117,0.9272487185303145,0.9999859520831093,2.0
0.9999623877212452,0.9999681183944135,0.9999773484510116,0.9999790586639046,0.9999659807021313,0.9999522976733524,0.9999580015970626,0.9580812781084038,0.9998311841348587,0.9999132453034411,0.999966049293296,0.9579895005410609,0.9496980508000584,0.9998834288763968,0.9999759910151732,0.9999773556518561,0.9999682439592346,0.9458545269374365,0.9999511955383541,0.9999621658636213,0.9023944063838609,0.9999113853854402,2.0
0.9999637278025993,0.9999716185704648,0.9999776384705223,0.9999796887043411,0.9999668359416704,0.9999576208832897,0.9999649183077287,0.9591050861575635,0.9999114347686517,0.9999086317970934,0.9999449852432442,0.9586924085900516,0.9510127557568873,0.9999539350077602,0.9999512990610121,0.9999770912789394,0.9999519262443061,0.9474149771169591,0.9999764344569905,0.9999531078403142,0.9034681781124141,0.9999387558266524,2.0
0.999962197709867,0.9999643282033068,0.9999752883103888,0.9999759384641441,0.9999652931976419,0.9999482732349414,0.9999528433342317,0.9580088550102392,0.9998141513604112,0.9999139301052277,0.9999818555317904,0.9579506475627825,0.9495354670923009,0.9998578747180112,0.9999869194306874,0.9999789127561703,0.9999809617012917,0.9456420238320908,0.999945020851372,0.9999772229841444,0.9025250668440106,0.9999221174910986,2.0
0.9999622877151685,0.9999666383200967,0.9999768584174287,0.9999782886151445,0.9999628582647985,0.9999496234020361,0.9999514692990861,0.958008950053323,0.9997815021407725,0.9999178775089526,0.9999566639461671,0.957900509102536,0.9496126142737632,0.9998709102400885,0.9999619356447683,0.9999793039022972,0.9999586231259571,0.9460822156136044,0.9999594876020376,0.9999560669242563,0.9024837044104775,0.999919326590162,2.0
0.9999620977036972,0.9999668783317857,0.999976388385551,0.9999776985764474,0.9999666779103505,0.9999510928801651,0.9999540724615337,0.9580271983939173,0.9997895828562985,0.9999165846719753,0.9999432399261495,0.9579014036249685,0.9495858623893523,0.9998512456049963,0.9999567165708002,0.9999795775272862,0.9999616304477356,0.9460734980712179,0.999942907288089,0.9999429527514402,0.9022676905416157,0.9999059929583838,2.0
0.9999628977522181,0.999968378407449,0.9999778484854472,0.9999778285854538,0.9999592347084992,0.9999502096408405,0.9999566742112279,0.9580335663033664,0.9998007368573493,0.9999154754857835,0.9999486387312566,0.9579114210588954,0.9496613140459031,0.9998790527580255,0.9999588751113233,0.9999791682708072,0.9999543851124376,0.9470999249566958,0.9999561104625863,0.9999640343551508,0.9036549424701478,0.9999304280303438,2.0
0.9999623677200672,0.9999677983773382,0.9999758883511154,0.9999768785251404,0.9999703156109684,0.9999538028079953,0.9999628386336027,0.9583669786915465,0.9998954904643904,0.9999087119105026,0.9999499788092445,0.9581985359182281,0.9501484999791133,0.9999280423603403,0.9999623835119378,0.9999769170643634,0.9999553898339326,0.9470944880606162,0.9999789610373141,0.9999705198658158,0.9039588214519212,0.9999481170922261,2.0
0.9999620076983026,0.9999661882972487,0.999976698406767,0.999978328616884,0.9999654474917145,0.9999498771372929,0.9999523898321008,0.9580394590031075,0.999839834408992,0.9999116656724395,0.9999838449806062,0.9580112999361479,0.9496025352301994,0.9998602480500112,0.9999786495240779,0.9999777174669691,0.9999806521403537,0.9458271555682415,0.9999376445801038,0.9999570125263539,0.9022900069238117,0.9999082767543197,2.0
0.999961177647968,0.9999623781047954,0.9999738882144908,0.9999742383559405,0.9999711063218963,0.9999467426930952,0.9999551932275361,0.9580615090784703,0.9998369514847928,0.9999132561291747,0.9999700092066138,0.9579810838675484,0.9495987673492715,0.999873149339569,0.9999764664767326,0.9999781655036165,0.9999771491336388,0.9462098862534353,0.9999677278032315,0.9999779199986334,0.9032753158544422,0.9999414916909053,2.0
0.9999626877394755,0.9999679783864773,0.9999766584041015,0.9999793386820419,0.9999658479911089,0.9999525243354087,0.9999568211019881,0.9582270747698319,0.9998744929213803,0.9999093567543051,0.9999447735279097,0.9580514628091662,0.9498957699108791,0.9999062586294494,0.9999482499569315,0.9999766456046738,0.9999600714282786,0.9458663378768913,0.9999224174576545,0.9999387966614333,0.9020910219193751,0.9998880688047684,2.0
0.9999615976734065,0.9999658582795,0.999975618332565,0.9999764985004189,0.999976245674704,0.9999528874691653,0.9999584371711931,0.9580908775055401,0.9998712266766352,0.999909452024114,0.99998180258433,0.9580860578615795,0.9496225991435077,0.9998841059736351,0.9999850241172185,0.9999781594011383,0.9999893316246575,0.9461012443894415,0.9999697469605767,0.9999834318836873,0.9034561344843299,0.9999417795549285,2.0
0.9999620777025191,0.9999669883377018,0.9999760783643351,0.999978058599554,0.9999698632431115,0.9999524142544163,0.9999561282174169,0.9580868856731833,0.9998314018336628,0.9999130090968108,0.9999509364173814,0.9579574370740338,0.9495080558100513,0.9998130718022381,0.9999602092266083,0.9999786129493891,0.9999646103569646,0.9451253420657826,0.999864044128372,0.9999650275313573,0.9017423722508595,0.99986984920737,2.0
0.999960607613431,0.9999615180610474,0.9999718980787188,0.9999733082964968,0.9999870034215123,0.9999487539094241,0.9999683344999887,0.9624728557135597,0.999836723442078,0.999919498278487,0.999979813809055,0.9647214766754746,0.9554741995174558,0.9999317816845967,0.9999846703046282,0.999978057234551,0.9999832189837695,0.9525975420535243,0.9999824318200196,0.9999761839713286,0.9113437756639946,0.9999562142779174,2.0
0.9999618376880094,0.9999668783317857,0.9999760783643351,0.999978058599554,0.9999746157997649,0.9999537881597367,0.9999557956699137,0.9580941089818066,0.9998304718827173,0.9999127144289837,0.9999488828510568,0.9579608993816165,0.9495040995475278,0.9998234744649885,0.9999780689600505,0.9999783338124242,0.9999734436889122,0.9450812853972339,0.9998705087066498,0.9999743933990546,0.9017741180555083,0.9998755386036957,2.0
0.999960607613431,0.999961468058426,0.9999724681176326,0.9999736883212182,0.9999923242722148,0.9999498284940473,0.9999615437694532,0.9631351182962746,0.9998365391822297,0.9999198203071824,0.9999795603669731,0.9655091850011376,0.9561174697273821,0.9999160396564447,0.9999830489323112,0.9999783832227521,0.9999822274529621,0.9509403549345233,0.9999810077942746,0.9999726813391107,0.9086754160911018,0.9999408545858729,2.0
0.9999619476946752,0.9999674383590597,0.9999764283882164,0.999978478626015,0.999970861767639,0.9999530701313101,0.9999567820038776,0.9580359423918796,0.999781783309241,0.9999184253104465,0.9999449919995141,0.9579097480759551,0.9495607118333957,0.9998409230479806,0.9999662733970195,0.999979404100295,0.9999620366738226,0.9453656853167194,0.9999225417274248,0.9999835887652943,0.9023268004887406,0.9999045729690389,2.0
0.9999624077226097,0.9999667983278893,0.9999766784050617,0.9999776985764474,0.999962350899205,0.9999497015936355,0.9999511504852379,0.958057612300618,0.999814075711626,0.9999159455364562,0.999953326918026,0.9579391182691234,0.9495143670066439,0.9998243116783605,0.9999693346785141,0.9999813913272418,0.9999646111199145,0.9451945204544101,0.999912532695966,0.9999767560348629,0.9019348917555636,0.9999024387660986,2.0
0.9999611176443405,0.9999633281523678,0.999975028292691,0.9999757584525909,0.9999801189172699,0.9999502937692316,0.9999501080265458,0.9582962663860196,0.9998950426493226,0.9999086501032376,0.9999828654138468,0.9584403106474162,0.9500971627061704,0.9999530865447879,0.9999815182021555,0.9999768072206872,0.9999852515655977,0.9482135277165894,0.9999841206876685,0.9999840852252457,0.9069155862236464,0.9999623651576705,2.0
0.9999620176988917,0.9999673983578566,0.9999773284500515,0.9999785086284372,0.9999641259724602,0.9999504462988804,0.9999501605097915,0.958036132478047,0.9998013809207148,0.9999165567202738,0.9999525528616809,0.9579190334353177,0.9495050415121002,0.9998154077150165,0.9999644185587,0.999981029117964,0.99995772925869,0.9451656492440457,0.9999028855102402,0.9999629104551995,0.9017631996863807,0.9998881399544007,2.0
0.9999635077892677,0.9999697884785428,0.9999783185173249,0.9999801787349638,0.9999618485106475,0.9999532661899803,0.9999553716257162,0.9583838013858853,0.9999068450515081,0.9999079326260639,0.9999651134351628,0.9583039994198562,0.9499993864213374,0.9999276870684071,0.9999713653859922,0.9999762085919781,0.9999777691257545,0.9474880924478589,0.9999692981689055,0.999973811935737,0.9045850603656002,0.9999319433149081,2.0
0.9999626477371194,0.9999665283141805,0.9999774684590079,0.9999775685689313,0.999958382812813,0.9999481752793692,0.9999483035224982,0.9580417400371162,0.9998138280059471,0.9999142759505371,0.9999581483049413,0.9579322342959012,0.949545734540098,0.9998338587279688,0.9999520065312182,0.9999791316563106,0.9999573632752268,0.9454355198210918,0.999943402079119,0.9999660072188451,0.9020572673746717,0.9999063193886063,2.0
0.9999630277600621,0.9999653182535725,0.9999772984474936,0.9999771085392406,0.9999542242817825,0.9999460272202906,0.9999456170394383,0.9582046445107135,0.9998579552961174,0.9999118014910656,0.9999411901864904,0.9580236429479714,0.9498618590504413,0.9998676666609323,0.9999437680993198,0.9999796611897289,0.9999486038868283,0.94563958661835,0.9999473460117055,0.9999419582668936,0.9019726016218226,0.9998962659336449,2.0
0.9999626377365303,0.9999654182573252,0.9999774584589004,0.9999780485987466,0.9999554758900743,0.999946189699728,0.9999449239153179,0.9582853363857116,0.9998604513485205,0.9999119827792632,0.9999445698742029,0.958090650755166,0.9500640996364859,0.9998795864466931,0.9999443677579856,0.9999790040955158,0.9999455491399684,0.9458997085206536,0.9999574186795829,0.999943038970758,0.9021557553671565,0.9999062788678778,2.0
0.9999626577377084,0.9999673583551634,0.9999778484854472,0.9999783886202382,0.9999600719770645,0.9999495198360169,0.9999508619294656,0.9580438309963782,0.999806657697572,0.9999152924258314,0.9999555254088751,0.9579310844680671,0.9496287219358669,0.9998625832954404,0.9999564589228257,0.9999787942507379,0.9999640318800492,0.9453630606735195,0.9999469598315966,0.9999743081870693,0.9021129716262873,0.9999101571306488,2.0
0.9999636177959336,0.9999745087158753,0.9999789885632748,0.9999814888183838,0.9999651991286836,0.9999586193968092,0.9999638153660415,0.9587001060018687,0.9998958135090138,0.9999100033694898,0.999949393618511,0.9584641954115558,0.9502940340262379,0.9999564562291038,0.9999777324986361,0.9999769084029797,0.9999543517065596,0.9499463613652915,0.9999835667409863,0.9999904444855569,0.9120078174668299,0.9999749161673291,2.0
0.9999642078316188,0.9999670283389049,0.9999786385393934,0.9999786286366361,0.9999462980511492,0.9999448913379954,0.9999506574927021,0.9626003089227856,0.9999468766296925,0.9999066033740531,0.9999853135022306,0.9665923228665255,0.9539980411990375,0.9999598919571541,0.9999907395623732,0.9999759318172088,0.9999893782659273,0.9475565207807364,0.9999764499490025,0.9999828128152763,0.9057148349733417,0.9999586319591078,2.0
0.9999620877031081,0.9999649282332741,0.9999743182440756,0.999976058472343,0.9999650518084219,0.9999486473198732,0.9999603213832666,0.9584403522719411,0.9998983959116212,0.9999083182330338,0.9999697674531474,0.9584312915390304,0.9501534924139856,0.9999320021481629,0.9999670135727915,0.9999769087965859,0.9999745813186539,0.9460891522156878,0.9999464328410154,0.999952621945433,0.9024042129918092,0.9999081946879265,2.0
0.9999615676716394,0.9999655682659347,0.9999738182100126,0.999975908462467,0.9999793376776115,0.9999535617986924,0.9999671386706015,0.9621826880141175,0.9999263915392755,0.9999077893273998,0.9999772023602023,0.963985342758771,0.9529593329485735,0.9999413274471745,0.9999884524914201,0.9999773664787254,0.9999815095171602,0.9512662803462838,0.9999765914744908,0.9999922310940668,0.9156548439463474,0.9999622639988632,2.0
