band1,band2,r
NDMI,NDBI,-1.0
TEX_B8_ent,TEX_B8_asm,-0.9976263680837689
TEX_B3_ent,TEX_B3_asm,-0.9966729615225519
TEX_B4_ent,TEX_B4_asm,-0.9959656162824828
TEX_B8_contrast,TEX_B8_diss,0.9950842503480496
TEX_B3_contrast,TEX_B3_diss,0.9943512682812794
TEX_B2_ent,TEX_B2_asm,-0.993876877752408
TEX_B2_contrast,TEX_B2_diss,0.993729322612061
TEX_B4_contrast,TEX_B4_diss,0.9929205480910536
EVI,SAVI,0.9859074303040906
TEX_B3_contrast,TEX_B4_contrast,0.9830622048088578
TEX_B3_var,TEX_B4_var,0.9824819565906509
TEX_B2_ent,TEX_B2_idm,-0.9822525863432033
TEX_B3_diss,TEX_B4_diss,0.9817362191746426
TEX_B2_var,TEX_B3_var,0.9802978555680016
B2,B4,0.9794135202001701
TEX_B2_var,TEX_B4_var,0.9776191496141013
TEX_B3_contrast,TEX_B4_diss,0.9774990673217496
TEX_B3_diss,TEX_B4_contrast,0.9770216609622525
TEX_B2_diss,TEX_B2_idm,-0.9766915684202075
TEX_B3_ent,TEX_B3_idm,-0.9766078587638813
TEX_B2_contrast,TEX_B3_diss,0.9763419231521533
TEX_B2_contrast,TEX_B3_contrast,0.9761164961796901
B6,B7,0.9753810705642353
TEX_B2_contrast,TEX_B4_diss,0.9751999849305236
TEX_B2_diss,TEX_B4_diss,0.9750851679130019
TEX_B3_diss,TEX_B3_idm,-0.9749357715666522
TEX_B4_ent,TEX_B4_idm,-0.9747827669838134
TEX_B2_diss,TEX_B3_diss,0.97380717283044
TEX_B2_asm,TEX_B2_idm,0.9737016540264325
TEX_B2_ent,TEX_B2_sent,0.9736824573678869
TEX_B2_contrast,TEX_B4_contrast,0.9733929629172654
B2,B3,0.9733024087504822
TEX_B3_asm,TEX_B3_idm,0.9720856532391037
TEX_B2_contrast,TEX_B2_var,0.971500233443109
TEX_B3_contrast,TEX_B3_var,0.9702898181754929
TEX_B4_asm,TEX_B4_idm,0.9687960913462466
B3,B4,0.9678795338833371
TEX_B3_ent,TEX_B3_sent,0.9676036405697521
B7,B8A,0.9656267039998376
TEX_B2_diss,TEX_B3_contrast,0.965289143914185
TEX_B2_diss,TEX_B4_contrast,0.9636955901658038
TEX_B4_contrast,TEX_B4_var,0.9631514149133399
TEX_B2_idm,TEX_B4_idm,0.9623940466798344
TEX_B3_var,TEX_B4_contrast,0.9620443623607932
TEX_B2_var,TEX_B4_contrast,0.9617550019914192
TEX_B3_diss,TEX_B3_var,0.9614947136738116
TEX_B2_diss,TEX_B2_var,0.9613536941400684
TEX_B4_diss,TEX_B4_idm,-0.9609255482724015
TEX_B2_asm,TEX_B2_sent,-0.9606905102643303
TEX_B2_diss,TEX_B2_ent,0.960187595389294
TEX_B3_var,TEX_B3_sent,0.9599197027978097
TEX_B2_sent,TEX_B4_sent,0.9597986697393313
TEX_B2_var,TEX_B3_contrast,0.9596947078306791
TEX_B3_sent,TEX_B4_sent,0.9589887976073875
TEX_B2_var,TEX_B4_diss,0.9589857529586331
TEX_B3_asm,TEX_B3_sent,-0.9588280965645056
TEX_B3_idm,TEX_B4_idm,0.9584835332756207
TEX_B2_idm,TEX_B3_idm,0.9574940375127028
TEX_B2_diss,TEX_B3_idm,-0.9570932118123335
TEX_B2_var,TEX_B2_sent,0.9563688792625388
TEX_B2_sent,TEX_B3_sent,0.9563676077001958
TEX_B3_diss,TEX_B3_ent,0.956254297386769
TEX_B4_ent,TEX_B4_sent,0.9562396130785717
TEX_B2_var,TEX_B3_diss,0.95553628540859
TEX_B2_diss,TEX_B2_sent,0.9554085776659493
TEX_B2_ent,TEX_B4_idm,-0.9535428105525638
TEX_B3_idm,TEX_B4_diss,-0.9534978482375324
TEX_B4_diss,TEX_B4_var,0.9534256032515204
B5,B12,0.953203245295922
TEX_B2_contrast,TEX_B2_idm,-0.9527022261352893
TEX_B3_var,TEX_B4_diss,0.9523179054053187
TEX_B3_contrast,TEX_B3_idm,-0.9511989668927863
TEX_B8_diss,TEX_B8_idm,-0.9511124699428112
TEX_B2_idm,TEX_B2_sent,-0.950737850896116
TEX_B2_var,TEX_B3_sent,0.95064936829062
TEX_B2_diss,TEX_B4_idm,-0.950533420656756
TEX_B2_ent,TEX_B4_ent,0.9486577675246646
TEX_B2_sent,TEX_B3_ent,0.947728939998859
B3,MNDWI,0.947281572999868
TEX_B4_var,TEX_B4_sent,0.946713204361724
TEX_B2_contrast,TEX_B3_var,0.9467095746620773
TEX_B2_ent,TEX_B3_idm,-0.9461246250173498
TEX_B2_ent,TEX_B3_ent,0.9456966933270817
TEX_B3_diss,TEX_B3_sent,0.9450490499702416
TEX_B2_contrast,TEX_B3_idm,-0.944894224671874
TEX_B3_contrast,TEX_B4_var,0.9447994703862405
TEX_B2_sent,TEX_B4_ent,0.9445577009080295
TEX_B3_diss,TEX_B3_asm,-0.9439303179308792
TEX_B3_ent,TEX_B4_ent,0.9438058475014768
TEX_B4_asm,TEX_B4_sent,-0.9436722647211186
TEX_B2_asm,TEX_B4_idm,0.9432709029031549
TEX_B3_ent,TEX_B4_idm,-0.9432547689066009
B5,B11,0.9425885024940965
TEX_B2_idm,TEX_B4_diss,-0.9423561376192897
TEX_B3_sent,TEX_B4_var,0.9418329374988417
TEX_B2_contrast,TEX_B2_sent,0.9414311819178376
TEX_B3_diss,TEX_B4_idm,-0.9410608304241964
TEX_B2_ent,TEX_B3_asm,-0.9410492582692759
TEX_B2_diss,TEX_B3_ent,0.9409287782289107
TEX_B2_asm,TEX_B4_ent,-0.94033365865753
TEX_B2_ent,TEX_B4_asm,-0.9403322046500877
TEX_B8_ent,TEX_B8_idm,-0.9403169017577565
TEX_B2_sent,TEX_B3_asm,-0.9401747302479272
TEX_B2_diss,TEX_B2_asm,-0.9401448558484212
TEX_B2_var,TEX_B4_sent,0.9398198957035179
TEX_B3_asm,TEX_B4_ent,-0.9397608141159682
TEX_B8_var,TEX_B8_sent,0.939756979510369
TEX_B3_ent,TEX_B4_diss,0.9394768150352742
TEX_B2_idm,TEX_B3_ent,-0.9394554761151029
B6,B8A,0.9391313666528954
TEX_B2_sent,TEX_B4_diss,0.938950748298409
TEX_B8_contrast,TEX_B8_var,0.9388100681876992
TEX_B2_idm,TEX_B4_ent,-0.9387343852114327
TEX_B2_idm,TEX_B3_diss,-0.9384871300687644
TEX_B4_diss,TEX_B4_ent,0.9383656543035372
TEX_B3_asm,TEX_B4_idm,0.9379884523474757
TEX_B2_asm,TEX_B4_asm,0.9371852858508494
TEX_B2_contrast,TEX_B2_ent,0.9369242977792924
TEX_B3_idm,TEX_B4_ent,-0.936608844916206
TEX_B8_asm,TEX_B8_idm,0.9365610865641496
TEX_B3_diss,TEX_B4_var,0.9359610520159511
B3,B5,0.935706806364865
TEX_B3_idm,TEX_B3_sent,-0.9354741106606673
TEX_B2_sent,TEX_B4_idm,-0.9351307164648898
TEX_B3_contrast,TEX_B3_ent,0.9342975922346234
TEX_B3_sent,TEX_B4_diss,0.9342344606914774
TEX_B8_diss,TEX_B8_var,0.9338238627209791
TEX_B2_idm,TEX_B3_asm,0.93373870384979
TEX_B3_idm,TEX_B4_contrast,-0.9328012160555639
TEX_B2_contrast,TEX_B4_var,0.9327479119596596
TEX_B3_contrast,TEX_B3_sent,0.932574391327607
B11,B12,0.9324855521913099
TEX_B4_diss,TEX_B4_sent,0.9323158373452274
TEX_B2_contrast,TEX_B4_idm,-0.9319004111064731
TEX_B2_sent,TEX_B4_asm,-0.9318689574406854
TEX_B2_sent,TEX_B3_diss,0.9314803266292415
TEX_B2_diss,TEX_B3_var,0.9313221820275706
TEX_B2_sent,TEX_B3_idm,-0.9311586606026266
TEX_B3_ent,TEX_B4_asm,-0.9307351329444552
TEX_B2_ent,TEX_B4_diss,0.9307315470526145
TEX_B3_ent,TEX_B4_sent,0.9303290789431456
TEX_B2_diss,TEX_B3_asm,-0.9300481915069216
TEX_B2_contrast,TEX_B3_ent,0.9298193701677725
TEX_B3_var,TEX_B4_sent,0.9294323455130372
TEX_B3_asm,TEX_B4_asm,0.9294036722217668
TEX_B2_idm,TEX_B4_asm,0.928900876264222
TEX_B4_contrast,TEX_B4_idm,-0.9288892021607374
TEX_B2_asm,TEX_B3_ent,-0.9286837412673171
TEX_B2_asm,TEX_B3_idm,0.9285338711818021
TEX_B2_diss,TEX_B4_ent,0.9280887845479276
B4,B12,0.9276215077602844
TEX_B2_asm,TEX_B3_asm,0.9273485426682401
TEX_B3_asm,TEX_B4_diss,-0.9267901139549404
TEX_B8_contrast,TEX_B8_idm,-0.9266260484672806
TEX_B3_sent,TEX_B4_ent,0.9263480486824426
TEX_B2_diss,TEX_B3_sent,0.9255366878741008
TEX_B2_ent,TEX_B3_diss,0.9251649760906279
TEX_B2_sent,TEX_B4_var,0.9244439735859145
TEX_B2_sent,TEX_B3_var,0.9238130719918306
TEX_B4_idm,TEX_B4_sent,-0.9235528118234674
TEX_B3_idm,TEX_B4_asm,0.9232149751911995
TEX_B2_contrast,TEX_B3_sent,0.923117950180068
TEX_B3_asm,TEX_B4_sent,-0.9217554230501144
TEX_B3_sent,TEX_B4_contrast,0.9216502182795673
B2,B12,0.9210577773297309
TEX_B2_var,TEX_B3_ent,0.9210380725782845
TEX_B2_ent,TEX_B4_sent,0.9206327763927057
TEX_B2_corr,TEX_B4_corr,0.9201987362346525
TEX_B3_ent,TEX_B3_var,0.9201869541591403
TEX_B2_ent,TEX_B3_sent,0.9199200565421497
TEX_B4_diss,TEX_B4_asm,-0.9197807779642104
TEX_B3_diss,TEX_B4_ent,0.9196404129759883
TEX_B2_diss,TEX_B4_var,0.9191761535186574
TEX_B3_ent,TEX_B4_contrast,0.9188660202019373
TEX_B3_contrast,TEX_B3_asm,-0.9188628255781371
TEX_B3_contrast,TEX_B4_idm,-0.9185980648675389
B4,B5,0.9185733093753028
B2,MNDWI,0.9183393464172332
TEX_B2_sent,TEX_B4_contrast,0.9182648164086312
TEX_B2_idm,TEX_B3_contrast,-0.9164360304170595
TEX_B2_contrast,TEX_B3_asm,-0.9163583452660745
TEX_B2_ent,TEX_B2_var,0.915779112270547
TEX_B2_sent,TEX_B3_contrast,0.9157209868452345
TEX_B2_idm,TEX_B4_contrast,-0.9155637483145282
B2,B5,0.91396786408663
TEX_B2_var,TEX_B3_idm,-0.9136288921694341
TEX_B4_contrast,TEX_B4_sent,0.9134346455550206
B3,B12,0.9126760361818272
TEX_B3_diss,TEX_B4_sent,0.9120734190147196
TEX_B3_sent,TEX_B4_idm,-0.9116829220324284
TEX_B2_contrast,TEX_B2_asm,-0.9116050258431622
TEX_B2_diss,TEX_B4_asm,-0.911520184263391
TEX_B2_diss,TEX_B4_sent,0.9106634089724545
TEX_B3_idm,TEX_B3_var,-0.9106567114112089
TEX_B2_idm,TEX_B2_var,-0.9103108258709539
TEX_B2_contrast,TEX_B4_ent,0.9102861457116349
TEX_B3_sent,TEX_B4_asm,-0.9087735136024112
TEX_B4_contrast,TEX_B4_ent,0.9070582912950451
TEX_B2_asm,TEX_B4_diss,-0.9063907859953623
TEX_B8_ent,TEX_B8_sent,0.905849863817832
TEX_B2_var,TEX_B3_asm,-0.9051184203636664
TEX_B2_asm,TEX_B4_sent,-0.9040235765539456
TEX_B2_contrast,TEX_B4_sent,0.9037830784303887
TEX_B3_asm,TEX_B4_contrast,-0.9034749607887876
TEX_B3_idm,TEX_B4_sent,-0.9032086083741525
TEX_B8_diss,TEX_B8_ent,0.9031412786193757
TEX_B3_asm,TEX_B3_var,-0.9025348182567731
TEX_B2_ent,TEX_B4_contrast,0.9024251175629294
TEX_B2_ent,TEX_B3_contrast,0.902214319169793
TEX_B2_var,TEX_B4_idm,-0.9022104910621048
TEX_B2_var,TEX_B4_ent,0.9014760828205481
TEX_B2_idm,TEX_B3_sent,-0.9006871324142848
B4,MNDWI,0.9006542225813509
TEX_B3_diss,TEX_B4_asm,-0.9002842007981958
B4,NDVI,-0.9002357401710909
